#
# There is insufficient memory for the Java Runtime Environment to continue.
# Native memory allocation (mmap) failed to map 600834048 bytes. Error detail: G1 virtual space
# Possible reasons:
#   The system is out of physical RAM or swap space
#   This process is running with CompressedOops enabled, and the Java Heap may be blocking the growth of the native heap
# Possible solutions:
#   Reduce memory load on the system
#   Increase physical memory or swap space
#   Check if swap backing store is full
#   Decrease Java heap size (-Xmx/-Xms)
#   Decrease number of Java threads
#   Decrease Java thread stack sizes (-Xss)
#   Set larger code cache with -XX:ReservedCodeCacheSize=
#   JVM is running with Unscaled Compressed Oops mode in which the Java heap is
#     placed in the first 4GB address space. The Java Heap base address is the
#     maximum limit for the native heap growth. Please use -XX:HeapBaseMinAddress
#     to set the Java Heap base and to place the Java Heap above 4GB virtual address.
# This output file may be truncated or incomplete.
#
#  Out of Memory Error (os_windows.cpp:3686), pid=20860, tid=27864
#
# JRE version: OpenJDK Runtime Environment Temurin-21.0.7+6 (21.0.7+6) (build 21.0.7+6-LTS)
# Java VM: OpenJDK 64-Bit Server VM Temurin-21.0.7+6 (21.0.7+6-LTS, mixed mode, sharing, tiered, compressed oops, compressed class ptrs, g1 gc, windows-amd64)
# No core dump will be written. Minidumps are not enabled by default on client versions of Windows
#

---------------  S U M M A R Y ------------

Command Line: --add-opens=java.base/java.lang=ALL-UNNAMED --add-opens=java.base/java.lang.invoke=ALL-UNNAMED --add-opens=java.base/java.util=ALL-UNNAMED --add-opens=java.prefs/java.util.prefs=ALL-UNNAMED --add-exports=jdk.compiler/com.sun.tools.javac.api=ALL-UNNAMED --add-exports=jdk.compiler/com.sun.tools.javac.util=ALL-UNNAMED --add-opens=java.base/java.util=ALL-UNNAMED --add-opens=java.prefs/java.util.prefs=ALL-UNNAMED --add-opens=java.base/java.nio.charset=ALL-UNNAMED --add-opens=java.base/java.net=ALL-UNNAMED --add-opens=java.base/java.util.concurrent.atomic=ALL-UNNAMED --add-opens=java.xml/javax.xml.namespace=ALL-UNNAMED -Xmx2048m -Dfile.encoding=UTF-8 -Duser.country=ES -Duser.language=es -Duser.variant -javaagent:C:\Users\Aaron\.gradle\wrapper\dists\gradle-8.13-bin\5xuhj0ry160q40clulazy9h7d\gradle-8.13\lib\agents\gradle-instrumentation-agent-8.13.jar org.gradle.launcher.daemon.bootstrap.GradleDaemon 8.13

Host: Intel(R) Core(TM) i5-10400F CPU @ 2.90GHz, 12 cores, 7G,  Windows 11 , 64 bit Build 26100 (10.0.26100.8328)
Time: Tue May 19 17:19:11 2026 Hora de verano romance elapsed time: 174.151066 seconds (0d 0h 2m 54s)

---------------  T H R E A D  ---------------

Current thread (0x000001f4f6e39c60):  VMThread "VM Thread"          [id=27864, stack(0x00000017a4300000,0x00000017a4400000) (1024K)]

Stack: [0x00000017a4300000,0x00000017a4400000]
Native frames: (J=compiled Java code, j=interpreted, Vv=VM code, C=native code)
V  [jvm.dll+0x6ce119]
V  [jvm.dll+0x8a84a1]
V  [jvm.dll+0x8aa9ce]
V  [jvm.dll+0x8ab0b3]
V  [jvm.dll+0x27f8a6]
V  [jvm.dll+0x6ca945]
V  [jvm.dll+0x6bebea]
V  [jvm.dll+0x355eca]
V  [jvm.dll+0x35da96]
V  [jvm.dll+0x3af72e]
V  [jvm.dll+0x3af9d8]
V  [jvm.dll+0x32a05c]
V  [jvm.dll+0x32a0e7]
V  [jvm.dll+0x36deac]
V  [jvm.dll+0x36c6f8]
V  [jvm.dll+0x329821]
V  [jvm.dll+0x36bd6a]
V  [jvm.dll+0x8b0dcf]
V  [jvm.dll+0x8b2154]
V  [jvm.dll+0x8b2690]
V  [jvm.dll+0x8b2933]
V  [jvm.dll+0x851f6b]
V  [jvm.dll+0x6cc7dd]
C  [ucrtbase.dll+0x37b0]
C  [KERNEL32.DLL+0x2e957]
C  [ntdll.dll+0x427c]

VM_Operation (0x00000017afcfd4f0): G1CollectForAllocation, mode: safepoint, requested by thread 0x000001f4c2be9f50


---------------  P R O C E S S  ---------------

Threads class SMR info:
_java_thread_list=0x000001f4c32fa850, length=176, elements={
0x000001f4d7afef90, 0x000001f4f6e5d350, 0x000001f4f6e5dda0, 0x000001f4f6e61d30,
0x000001f4f6e62c10, 0x000001f4f6e67e60, 0x000001f4f6e65e10, 0x000001f4f6e6caf0,
0x000001f4f6e78010, 0x000001f4fb084600, 0x000001f4fb282470, 0x000001f4fc8d95e0,
0x000001f4fb15cf30, 0x000001f4fb554690, 0x000001f4fb24f0a0, 0x000001f4fb250b00,
0x000001f4fbf0bc80, 0x000001f4fb13b440, 0x000001f4fbd52be0, 0x000001f4fbd50b10,
0x000001f4fbd52550, 0x000001f4fbd511a0, 0x000001f4fbd51830, 0x000001f4fbd53270,
0x000001f4fbd53900, 0x000001f4fbd50480, 0x000001f4fbd51ec0, 0x000001f4fcecc3d0,
0x000001f4fcec95e0, 0x000001f4fceca300, 0x000001f4fcec8f50, 0x000001f4fcecb6b0,
0x000001f4fceca990, 0x000001f4fcecd0f0, 0x000001f4fcecbd40, 0x000001f4fcecca60,
0x000001f4fcece4a0, 0x000001f4fcecd780, 0x000001f4fcecde10, 0x000001f4fcecb020,
0x000001f4fcecfee0, 0x000001f4fceceb30, 0x000001f4fcecf1c0, 0x000001f4fced0570,
0x000001f4fcecf850, 0x000001f4fefbbf00, 0x000001f4fefb8a80, 0x000001f4fefba4c0,
0x000001f4fefb9e30, 0x000001f4fefbb870, 0x000001f4fefb9110, 0x000001f4fefb97a0,
0x000001f4fefbab50, 0x000001f4fefbb1e0, 0x000001f4fe6645f0, 0x000001f4fe6659a0,
0x000001f4fe665310, 0x000001f4fe6673e0, 0x000001f4fe663f60, 0x000001f4fe666d50,
0x000001f4fe668100, 0x000001f4fe666030, 0x000001f4fe667a70, 0x000001f4fe664c80,
0x000001f4fe668790, 0x000001f4fe668e20, 0x000001f4fe669b40, 0x000001f4fe6666c0,
0x000001f4c24569c0, 0x000001f4c2459120, 0x000001f4c24597b0, 0x000001f4c2457d70,
0x000001f4c2458400, 0x000001f4c2456330, 0x000001f4c24576e0, 0x000001f4c2459e40,
0x000001f4c245a4d0, 0x000001f4c2457050, 0x000001f4c245ab60, 0x000001f4c245b1f0,
0x000001f4c245d950, 0x000001f4c245d2c0, 0x000001f4c245b880, 0x000001f4c245bf10,
0x000001f4c2458a90, 0x000001f4c245c5a0, 0x000001f4c245cc30, 0x000001f4c22cae70,
0x000001f4c238a0b0, 0x000001f4c238a740, 0x000001f4c238c180, 0x000001f4c2389390,
0x000001f4c238b460, 0x000001f4c2389a20, 0x000001f4c238baf0, 0x000001f4c238e250,
0x000001f4c238dbc0, 0x000001f4c238c810, 0x000001f4c238cea0, 0x000001f4c238d530,
0x000001f4c238add0, 0x000001f4c238f600, 0x000001f4c238e8e0, 0x000001f4c238ef70,
0x000001f4c238fc90, 0x000001f4c2390320, 0x000001f4c311c340, 0x000001f4c311b620,
0x000001f4c3119550, 0x000001f4c311a270, 0x000001f4c3119be0, 0x000001f4c311bcb0,
0x000001f4c3118ec0, 0x000001f4c311c9d0, 0x000001f4c311d060, 0x000001f4c311d6f0,
0x000001f4c2546f60, 0x000001f4c25475f0, 0x000001f4c2544170, 0x000001f4c25489a0,
0x000001f4c2547c80, 0x000001f4c2548310, 0x000001f4c2ef0aa0, 0x000001f4c2eee9d0,
0x000001f4c2eef060, 0x000001f4c2eef6f0, 0x000001f4c2ef1130, 0x000001f4c2ef17c0,
0x000001f4c2ef1e50, 0x000001f4c2ef24e0, 0x000001f4c2ef2b70, 0x000001f4c2ef0410,
0x000001f4c2ef3200, 0x000001f4c2eefd80, 0x000001f4c2ef3890, 0x000001f4c2ef3f20,
0x000001f4c2ef45b0, 0x000001f4c2ef4c40, 0x000001f4c2ef52d0, 0x000001f4c2ef5960,
0x000001f4c2543ae0, 0x000001f4c2544800, 0x000001f4c2541a10, 0x000001f4c2541380,
0x000001f4c2542730, 0x000001f4c25420a0, 0x000001f4c2543450, 0x000001f4c2545bb0,
0x000001f4c2546240, 0x000001f4c2542dc0, 0x000001f4c311dd80, 0x000001f4c311a900,
0x000001f4c311e410, 0x000001f4c311af90, 0x000001f4c311eaa0, 0x000001f4c311fe50,
0x000001f4c311f130, 0x000001f4c31204e0, 0x000001f4c311f7c0, 0x000001f4c2be2930,
0x000001f4c2be3ce0, 0x000001f4c2be4370, 0x000001f4c2be5720, 0x000001f4c2be5090,
0x000001f4c2be3650, 0x000001f4c2be4a00, 0x000001f4c2be22a0, 0x000001f4c2be6440,
0x000001f4c2be5db0, 0x000001f4c2be2fc0, 0x000001f4c2bf0850, 0x000001f4c2be8ba0,
0x000001f4c2be9230, 0x000001f4c2be6ad0, 0x000001f4c2bea5e0, 0x000001f4c2be9f50
}

Java Threads: ( => current thread )
  0x000001f4d7afef90 JavaThread "main"                              [_thread_blocked, id=4468, stack(0x00000017a3c00000,0x00000017a3d00000) (1024K)]
  0x000001f4f6e5d350 JavaThread "Reference Handler"          daemon [_thread_blocked, id=31016, stack(0x00000017a4400000,0x00000017a4500000) (1024K)]
  0x000001f4f6e5dda0 JavaThread "Finalizer"                  daemon [_thread_blocked, id=17264, stack(0x00000017a4500000,0x00000017a4600000) (1024K)]
  0x000001f4f6e61d30 JavaThread "Signal Dispatcher"          daemon [_thread_blocked, id=21104, stack(0x00000017a4600000,0x00000017a4700000) (1024K)]
  0x000001f4f6e62c10 JavaThread "Attach Listener"            daemon [_thread_blocked, id=31800, stack(0x00000017a4700000,0x00000017a4800000) (1024K)]
  0x000001f4f6e67e60 JavaThread "Service Thread"             daemon [_thread_blocked, id=18032, stack(0x00000017a4800000,0x00000017a4900000) (1024K)]
  0x000001f4f6e65e10 JavaThread "Monitor Deflation Thread"   daemon [_thread_blocked, id=26132, stack(0x00000017a4900000,0x00000017a4a00000) (1024K)]
  0x000001f4f6e6caf0 JavaThread "C2 CompilerThread0"         daemon [_thread_blocked, id=9420, stack(0x00000017a4a00000,0x00000017a4b00000) (1024K)]
  0x000001f4f6e78010 JavaThread "C1 CompilerThread0"         daemon [_thread_blocked, id=31764, stack(0x00000017a4b00000,0x00000017a4c00000) (1024K)]
  0x000001f4fb084600 JavaThread "Common-Cleaner"             daemon [_thread_blocked, id=26672, stack(0x00000017a4c00000,0x00000017a4d00000) (1024K)]
  0x000001f4fb282470 JavaThread "Notification Thread"        daemon [_thread_blocked, id=32496, stack(0x00000017a4d00000,0x00000017a4e00000) (1024K)]
  0x000001f4fc8d95e0 JavaThread "Daemon health stats"               [_thread_blocked, id=31464, stack(0x00000017a5300000,0x00000017a5400000) (1024K)]
  0x000001f4fb15cf30 JavaThread "Incoming local TCP Connector on port 58035"        [_thread_in_native, id=26168, stack(0x00000017a5400000,0x00000017a5500000) (1024K)]
  0x000001f4fb554690 JavaThread "Daemon periodic checks"            [_thread_blocked, id=33564, stack(0x00000017a5500000,0x00000017a5600000) (1024K)]
  0x000001f4fb24f0a0 JavaThread "Daemon"                            [_thread_blocked, id=19716, stack(0x00000017a5600000,0x00000017a5700000) (1024K)]
  0x000001f4fb250b00 JavaThread "Handler for socket connection from /127.0.0.1:58035 to /127.0.0.1:58036"        [_thread_in_native, id=27676, stack(0x00000017a5700000,0x00000017a5800000) (1024K)]
  0x000001f4fbf0bc80 JavaThread "Cancel handler"                    [_thread_blocked, id=30724, stack(0x00000017a5800000,0x00000017a5900000) (1024K)]
  0x000001f4fb13b440 JavaThread "Daemon worker"                     [_thread_blocked, id=19720, stack(0x00000017a5900000,0x00000017a5a00000) (1024K)]
  0x000001f4fbd52be0 JavaThread "Asynchronous log dispatcher for DefaultDaemonConnection: socket connection from /127.0.0.1:58035 to /127.0.0.1:58036"        [_thread_blocked, id=27508, stack(0x00000017a5a00000,0x00000017a5b00000) (1024K)]
  0x000001f4fbd50b10 JavaThread "Stdin handler"                     [_thread_blocked, id=20108, stack(0x00000017a5b00000,0x00000017a5c00000) (1024K)]
  0x000001f4fbd52550 JavaThread "Daemon client event forwarder"        [_thread_blocked, id=26036, stack(0x00000017a5c00000,0x00000017a5d00000) (1024K)]
  0x000001f4fbd511a0 JavaThread "Cache worker for journal cache (C:\Users\Aaron\.gradle\caches\journal-1)"        [_thread_blocked, id=30796, stack(0x00000017a5d00000,0x00000017a5e00000) (1024K)]
  0x000001f4fbd51830 JavaThread "File lock request listener"        [_thread_in_native, id=31048, stack(0x00000017a5e00000,0x00000017a5f00000) (1024K)]
  0x000001f4fbd53270 JavaThread "Cache worker for file hash cache (C:\Users\Aaron\.gradle\caches\8.13\fileHashes)"        [_thread_blocked, id=29152, stack(0x00000017a5f00000,0x00000017a6000000) (1024K)]
  0x000001f4fbd53900 JavaThread "File lock release action executor"        [_thread_blocked, id=10920, stack(0x00000017a6000000,0x00000017a6100000) (1024K)]
  0x000001f4fbd50480 JavaThread "Cache worker for file hash cache (C:\Users\Aaron\AndroidStudioProjects\TFGAaron\.gradle\8.13\fileHashes)"        [_thread_blocked, id=32020, stack(0x00000017a6700000,0x00000017a6800000) (1024K)]
  0x000001f4fbd51ec0 JavaThread "Cache worker for Build Output Cleanup Cache (C:\Users\Aaron\AndroidStudioProjects\TFGAaron\.gradle\buildOutputCleanup)"        [_thread_blocked, id=31868, stack(0x00000017a6800000,0x00000017a6900000) (1024K)]
  0x000001f4fcecc3d0 JavaThread "File watcher server"        daemon [_thread_blocked, id=34132, stack(0x00000017a6900000,0x00000017a6a00000) (1024K)]
  0x000001f4fcec95e0 JavaThread "File watcher consumer"      daemon [_thread_blocked, id=34028, stack(0x00000017a6a00000,0x00000017a6b00000) (1024K)]
  0x000001f4fceca300 JavaThread "Cache worker for checksums cache (C:\Users\Aaron\AndroidStudioProjects\TFGAaron\.gradle\8.13\checksums)"        [_thread_blocked, id=31488, stack(0x00000017a6b00000,0x00000017a6c00000) (1024K)]
  0x000001f4fcec8f50 JavaThread "Cache worker for file content cache (C:\Users\Aaron\.gradle\caches\8.13\fileContent)"        [_thread_blocked, id=31992, stack(0x00000017a6c00000,0x00000017a6d00000) (1024K)]
  0x000001f4fcecb6b0 JavaThread "Cache worker for cache directory md-supplier (C:\Users\Aaron\.gradle\caches\8.13\md-supplier)"        [_thread_blocked, id=32224, stack(0x00000017a6d00000,0x00000017a6e00000) (1024K)]
  0x000001f4fceca990 JavaThread "Cache worker for cache directory md-rule (C:\Users\Aaron\.gradle\caches\8.13\md-rule)"        [_thread_blocked, id=32976, stack(0x00000017a6e00000,0x00000017a6f00000) (1024K)]
  0x000001f4fcecd0f0 JavaThread "Unconstrained build operations"        [_thread_blocked, id=32648, stack(0x00000017a6f00000,0x00000017a7000000) (1024K)]
  0x000001f4fcecbd40 JavaThread "Unconstrained build operations Thread 2"        [_thread_blocked, id=29888, stack(0x00000017a7000000,0x00000017a7100000) (1024K)]
  0x000001f4fcecca60 JavaThread "Unconstrained build operations Thread 3"        [_thread_blocked, id=15796, stack(0x00000017a7100000,0x00000017a7200000) (1024K)]
  0x000001f4fcece4a0 JavaThread "Unconstrained build operations Thread 4"        [_thread_blocked, id=20652, stack(0x00000017a7200000,0x00000017a7300000) (1024K)]
  0x000001f4fcecd780 JavaThread "Unconstrained build operations Thread 5"        [_thread_blocked, id=34188, stack(0x00000017a7300000,0x00000017a7400000) (1024K)]
  0x000001f4fcecde10 JavaThread "Unconstrained build operations Thread 6"        [_thread_blocked, id=20816, stack(0x00000017a7400000,0x00000017a7500000) (1024K)]
  0x000001f4fcecb020 JavaThread "Unconstrained build operations Thread 7"        [_thread_blocked, id=31180, stack(0x00000017a7500000,0x00000017a7600000) (1024K)]
  0x000001f4fcecfee0 JavaThread "Unconstrained build operations Thread 8"        [_thread_blocked, id=33100, stack(0x00000017a7600000,0x00000017a7700000) (1024K)]
  0x000001f4fceceb30 JavaThread "Unconstrained build operations Thread 9"        [_thread_blocked, id=34048, stack(0x00000017a7700000,0x00000017a7800000) (1024K)]
  0x000001f4fcecf1c0 JavaThread "Unconstrained build operations Thread 10"        [_thread_blocked, id=31248, stack(0x00000017a7800000,0x00000017a7900000) (1024K)]
  0x000001f4fced0570 JavaThread "Unconstrained build operations Thread 11"        [_thread_blocked, id=34552, stack(0x00000017a7900000,0x00000017a7a00000) (1024K)]
  0x000001f4fcecf850 JavaThread "Unconstrained build operations Thread 12"        [_thread_blocked, id=34696, stack(0x00000017a7a00000,0x00000017a7b00000) (1024K)]
  0x000001f4fefbbf00 JavaThread "Unconstrained build operations Thread 13"        [_thread_blocked, id=34708, stack(0x00000017a7b00000,0x00000017a7c00000) (1024K)]
  0x000001f4fefb8a80 JavaThread "Unconstrained build operations Thread 14"        [_thread_blocked, id=34724, stack(0x00000017a7c00000,0x00000017a7d00000) (1024K)]
  0x000001f4fefba4c0 JavaThread "Unconstrained build operations Thread 15"        [_thread_blocked, id=34684, stack(0x00000017a7d00000,0x00000017a7e00000) (1024K)]
  0x000001f4fefb9e30 JavaThread "Unconstrained build operations Thread 16"        [_thread_blocked, id=34720, stack(0x00000017a7e00000,0x00000017a7f00000) (1024K)]
  0x000001f4fefbb870 JavaThread "Unconstrained build operations Thread 17"        [_thread_blocked, id=29940, stack(0x00000017a7f00000,0x00000017a8000000) (1024K)]
  0x000001f4fefb9110 JavaThread "Unconstrained build operations Thread 18"        [_thread_blocked, id=13108, stack(0x00000017a8000000,0x00000017a8100000) (1024K)]
  0x000001f4fefb97a0 JavaThread "Unconstrained build operations Thread 19"        [_thread_blocked, id=20876, stack(0x00000017a8100000,0x00000017a8200000) (1024K)]
  0x000001f4fefbab50 JavaThread "Unconstrained build operations Thread 20"        [_thread_blocked, id=30156, stack(0x00000017a8200000,0x00000017a8300000) (1024K)]
  0x000001f4fefbb1e0 JavaThread "Unconstrained build operations Thread 21"        [_thread_blocked, id=21776, stack(0x00000017a8300000,0x00000017a8400000) (1024K)]
  0x000001f4fe6645f0 JavaThread "Unconstrained build operations Thread 22"        [_thread_blocked, id=17916, stack(0x00000017a8400000,0x00000017a8500000) (1024K)]
  0x000001f4fe6659a0 JavaThread "Unconstrained build operations Thread 23"        [_thread_blocked, id=32588, stack(0x00000017a8500000,0x00000017a8600000) (1024K)]
  0x000001f4fe665310 JavaThread "Unconstrained build operations Thread 24"        [_thread_blocked, id=31288, stack(0x00000017a8600000,0x00000017a8700000) (1024K)]
  0x000001f4fe6673e0 JavaThread "Unconstrained build operations Thread 25"        [_thread_blocked, id=23492, stack(0x00000017a8700000,0x00000017a8800000) (1024K)]
  0x000001f4fe663f60 JavaThread "Unconstrained build operations Thread 26"        [_thread_blocked, id=34636, stack(0x00000017a8800000,0x00000017a8900000) (1024K)]
  0x000001f4fe666d50 JavaThread "Unconstrained build operations Thread 27"        [_thread_blocked, id=34232, stack(0x00000017a8900000,0x00000017a8a00000) (1024K)]
  0x000001f4fe668100 JavaThread "Unconstrained build operations Thread 28"        [_thread_blocked, id=27356, stack(0x00000017a8a00000,0x00000017a8b00000) (1024K)]
  0x000001f4fe666030 JavaThread "Unconstrained build operations Thread 29"        [_thread_blocked, id=31908, stack(0x00000017a8b00000,0x00000017a8c00000) (1024K)]
  0x000001f4fe667a70 JavaThread "Unconstrained build operations Thread 30"        [_thread_blocked, id=30952, stack(0x00000017a8c00000,0x00000017a8d00000) (1024K)]
  0x000001f4fe664c80 JavaThread "Unconstrained build operations Thread 31"        [_thread_blocked, id=23712, stack(0x00000017a8d00000,0x00000017a8e00000) (1024K)]
  0x000001f4fe668790 JavaThread "Unconstrained build operations Thread 32"        [_thread_blocked, id=30140, stack(0x00000017a8e00000,0x00000017a8f00000) (1024K)]
  0x000001f4fe668e20 JavaThread "Unconstrained build operations Thread 33"        [_thread_blocked, id=20164, stack(0x00000017a8f00000,0x00000017a9000000) (1024K)]
  0x000001f4fe669b40 JavaThread "Memory manager"                    [_thread_blocked, id=20984, stack(0x00000017a9000000,0x00000017a9100000) (1024K)]
  0x000001f4fe6666c0 JavaThread "build event listener"              [_thread_blocked, id=16020, stack(0x00000017a3900000,0x00000017a3a00000) (1024K)]
  0x000001f4c24569c0 JavaThread "pool-3-thread-1"                   [_thread_blocked, id=31808, stack(0x00000017a3b00000,0x00000017a3c00000) (1024K)]
  0x000001f4c2459120 JavaThread "build event listener"              [_thread_blocked, id=19844, stack(0x00000017a9100000,0x00000017a9200000) (1024K)]
  0x000001f4c24597b0 JavaThread "included builds"                   [_thread_blocked, id=22412, stack(0x00000017a9200000,0x00000017a9300000) (1024K)]
  0x000001f4c2457d70 JavaThread "Execution worker"                  [_thread_blocked, id=27448, stack(0x00000017a9300000,0x00000017a9400000) (1024K)]
  0x000001f4c2458400 JavaThread "Execution worker Thread 2"         [_thread_blocked, id=22668, stack(0x00000017a9400000,0x00000017a9500000) (1024K)]
  0x000001f4c2456330 JavaThread "Execution worker Thread 3"         [_thread_blocked, id=9596, stack(0x00000017a9500000,0x00000017a9600000) (1024K)]
  0x000001f4c24576e0 JavaThread "Execution worker Thread 4"         [_thread_blocked, id=23276, stack(0x00000017a9600000,0x00000017a9700000) (1024K)]
  0x000001f4c2459e40 JavaThread "Execution worker Thread 5"         [_thread_blocked, id=34644, stack(0x00000017a9700000,0x00000017a9800000) (1024K)]
  0x000001f4c245a4d0 JavaThread "Execution worker Thread 6"         [_thread_blocked, id=33744, stack(0x00000017a9800000,0x00000017a9900000) (1024K)]
  0x000001f4c2457050 JavaThread "Execution worker Thread 7"         [_thread_blocked, id=32620, stack(0x00000017a9900000,0x00000017a9a00000) (1024K)]
  0x000001f4c245ab60 JavaThread "Execution worker Thread 8"         [_thread_blocked, id=5440, stack(0x00000017a9a00000,0x00000017a9b00000) (1024K)]
  0x000001f4c245b1f0 JavaThread "Execution worker Thread 9"         [_thread_blocked, id=34540, stack(0x00000017a9b00000,0x00000017a9c00000) (1024K)]
  0x000001f4c245d950 JavaThread "Execution worker Thread 10"        [_thread_blocked, id=31612, stack(0x00000017a9c00000,0x00000017a9d00000) (1024K)]
  0x000001f4c245d2c0 JavaThread "Execution worker Thread 11"        [_thread_blocked, id=33944, stack(0x00000017a9d00000,0x00000017a9e00000) (1024K)]
  0x000001f4c245b880 JavaThread "Cache worker for execution history cache (C:\Users\Aaron\AndroidStudioProjects\TFGAaron\.gradle\8.13\executionHistory)"        [_thread_blocked, id=33648, stack(0x00000017a9e00000,0x00000017a9f00000) (1024K)]
  0x000001f4c245bf10 JavaThread "Unconstrained build operations Thread 34"        [_thread_blocked, id=22788, stack(0x00000017a9f00000,0x00000017aa000000) (1024K)]
  0x000001f4c2458a90 JavaThread "Unconstrained build operations Thread 35"        [_thread_blocked, id=32804, stack(0x00000017aa000000,0x00000017aa100000) (1024K)]
  0x000001f4c245c5a0 JavaThread "Unconstrained build operations Thread 36"        [_thread_blocked, id=30008, stack(0x00000017aa100000,0x00000017aa200000) (1024K)]
  0x000001f4c245cc30 JavaThread "Unconstrained build operations Thread 37"        [_thread_blocked, id=31748, stack(0x00000017aa200000,0x00000017aa300000) (1024K)]
  0x000001f4c22cae70 JavaThread "Unconstrained build operations Thread 38"        [_thread_blocked, id=19420, stack(0x00000017aa300000,0x00000017aa400000) (1024K)]
  0x000001f4c238a0b0 JavaThread "Unconstrained build operations Thread 39"        [_thread_blocked, id=19832, stack(0x00000017aa400000,0x00000017aa500000) (1024K)]
  0x000001f4c238a740 JavaThread "Unconstrained build operations Thread 40"        [_thread_blocked, id=31864, stack(0x00000017aa500000,0x00000017aa600000) (1024K)]
  0x000001f4c238c180 JavaThread "Unconstrained build operations Thread 41"        [_thread_blocked, id=9512, stack(0x00000017aa600000,0x00000017aa700000) (1024K)]
  0x000001f4c2389390 JavaThread "Unconstrained build operations Thread 42"        [_thread_blocked, id=27876, stack(0x00000017aa700000,0x00000017aa800000) (1024K)]
  0x000001f4c238b460 JavaThread "Unconstrained build operations Thread 43"        [_thread_blocked, id=16512, stack(0x00000017aa800000,0x00000017aa900000) (1024K)]
  0x000001f4c2389a20 JavaThread "Unconstrained build operations Thread 44"        [_thread_blocked, id=34324, stack(0x00000017aa900000,0x00000017aaa00000) (1024K)]
  0x000001f4c238baf0 JavaThread "Unconstrained build operations Thread 45"        [_thread_blocked, id=4872, stack(0x00000017aaa00000,0x00000017aab00000) (1024K)]
  0x000001f4c238e250 JavaThread "Unconstrained build operations Thread 46"        [_thread_blocked, id=32304, stack(0x00000017aab00000,0x00000017aac00000) (1024K)]
  0x000001f4c238dbc0 JavaThread "Unconstrained build operations Thread 47"        [_thread_blocked, id=32664, stack(0x00000017aac00000,0x00000017aad00000) (1024K)]
  0x000001f4c238c810 JavaThread "Unconstrained build operations Thread 48"        [_thread_blocked, id=32000, stack(0x00000017aad00000,0x00000017aae00000) (1024K)]
  0x000001f4c238cea0 JavaThread "Unconstrained build operations Thread 49"        [_thread_blocked, id=32772, stack(0x00000017aae00000,0x00000017aaf00000) (1024K)]
  0x000001f4c238d530 JavaThread "Unconstrained build operations Thread 50"        [_thread_blocked, id=31372, stack(0x00000017aaf00000,0x00000017ab000000) (1024K)]
  0x000001f4c238add0 JavaThread "Unconstrained build operations Thread 51"        [_thread_blocked, id=13848, stack(0x00000017ab000000,0x00000017ab100000) (1024K)]
  0x000001f4c238f600 JavaThread "Unconstrained build operations Thread 52"        [_thread_blocked, id=4472, stack(0x00000017ab100000,0x00000017ab200000) (1024K)]
  0x000001f4c238e8e0 JavaThread "Unconstrained build operations Thread 53"        [_thread_blocked, id=22560, stack(0x00000017ab200000,0x00000017ab300000) (1024K)]
  0x000001f4c238ef70 JavaThread "Unconstrained build operations Thread 54"        [_thread_blocked, id=31300, stack(0x00000017ab300000,0x00000017ab400000) (1024K)]
  0x000001f4c238fc90 JavaThread "Unconstrained build operations Thread 55"        [_thread_blocked, id=34308, stack(0x00000017ab400000,0x00000017ab500000) (1024K)]
  0x000001f4c2390320 JavaThread "Unconstrained build operations Thread 56"        [_thread_blocked, id=31452, stack(0x00000017ab500000,0x00000017ab600000) (1024K)]
  0x000001f4c311c340 JavaThread "Unconstrained build operations Thread 57"        [_thread_blocked, id=33908, stack(0x00000017ab600000,0x00000017ab700000) (1024K)]
  0x000001f4c311b620 JavaThread "Unconstrained build operations Thread 58"        [_thread_blocked, id=34016, stack(0x00000017ab700000,0x00000017ab800000) (1024K)]
  0x000001f4c3119550 JavaThread "Unconstrained build operations Thread 59"        [_thread_blocked, id=32712, stack(0x00000017ab800000,0x00000017ab900000) (1024K)]
  0x000001f4c311a270 JavaThread "Unconstrained build operations Thread 60"        [_thread_blocked, id=34192, stack(0x00000017ab900000,0x00000017aba00000) (1024K)]
  0x000001f4c3119be0 JavaThread "Unconstrained build operations Thread 61"        [_thread_blocked, id=34156, stack(0x00000017aba00000,0x00000017abb00000) (1024K)]
  0x000001f4c311bcb0 JavaThread "Unconstrained build operations Thread 62"        [_thread_blocked, id=32188, stack(0x00000017abb00000,0x00000017abc00000) (1024K)]
  0x000001f4c3118ec0 JavaThread "Unconstrained build operations Thread 63"        [_thread_blocked, id=34200, stack(0x00000017abc00000,0x00000017abd00000) (1024K)]
  0x000001f4c311c9d0 JavaThread "Unconstrained build operations Thread 64"        [_thread_blocked, id=10832, stack(0x00000017abd00000,0x00000017abe00000) (1024K)]
  0x000001f4c311d060 JavaThread "Unconstrained build operations Thread 65"        [_thread_blocked, id=34100, stack(0x00000017abe00000,0x00000017abf00000) (1024K)]
  0x000001f4c311d6f0 JavaThread "Unconstrained build operations Thread 66"        [_thread_blocked, id=33992, stack(0x00000017abf00000,0x00000017ac000000) (1024K)]
  0x000001f4c2546f60 JavaThread "Unconstrained build operations Thread 67"        [_thread_blocked, id=34088, stack(0x00000017ac000000,0x00000017ac100000) (1024K)]
  0x000001f4c25475f0 JavaThread "Unconstrained build operations Thread 68"        [_thread_blocked, id=33764, stack(0x00000017ac100000,0x00000017ac200000) (1024K)]
  0x000001f4c2544170 JavaThread "Unconstrained build operations Thread 69"        [_thread_blocked, id=30364, stack(0x00000017ac200000,0x00000017ac300000) (1024K)]
  0x000001f4c25489a0 JavaThread "Unconstrained build operations Thread 70"        [_thread_blocked, id=34328, stack(0x00000017ac300000,0x00000017ac400000) (1024K)]
  0x000001f4c2547c80 JavaThread "Unconstrained build operations Thread 71"        [_thread_blocked, id=32400, stack(0x00000017ac400000,0x00000017ac500000) (1024K)]
  0x000001f4c2548310 JavaThread "Unconstrained build operations Thread 72"        [_thread_blocked, id=31192, stack(0x00000017ac500000,0x00000017ac600000) (1024K)]
  0x000001f4c2ef0aa0 JavaThread "Unconstrained build operations Thread 73"        [_thread_blocked, id=32352, stack(0x00000017ac600000,0x00000017ac700000) (1024K)]
  0x000001f4c2eee9d0 JavaThread "Unconstrained build operations Thread 74"        [_thread_blocked, id=26948, stack(0x00000017ac700000,0x00000017ac800000) (1024K)]
  0x000001f4c2eef060 JavaThread "Unconstrained build operations Thread 75"        [_thread_blocked, id=30712, stack(0x00000017ac800000,0x00000017ac900000) (1024K)]
  0x000001f4c2eef6f0 JavaThread "Unconstrained build operations Thread 76"        [_thread_blocked, id=33504, stack(0x00000017ac900000,0x00000017aca00000) (1024K)]
  0x000001f4c2ef1130 JavaThread "Unconstrained build operations Thread 77"        [_thread_blocked, id=30388, stack(0x00000017aca00000,0x00000017acb00000) (1024K)]
  0x000001f4c2ef17c0 JavaThread "Unconstrained build operations Thread 78"        [_thread_blocked, id=704, stack(0x00000017acb00000,0x00000017acc00000) (1024K)]
  0x000001f4c2ef1e50 JavaThread "Unconstrained build operations Thread 79"        [_thread_blocked, id=20536, stack(0x00000017acc00000,0x00000017acd00000) (1024K)]
  0x000001f4c2ef24e0 JavaThread "Unconstrained build operations Thread 80"        [_thread_blocked, id=34080, stack(0x00000017acd00000,0x00000017ace00000) (1024K)]
  0x000001f4c2ef2b70 JavaThread "Unconstrained build operations Thread 81"        [_thread_blocked, id=30540, stack(0x00000017ace00000,0x00000017acf00000) (1024K)]
  0x000001f4c2ef0410 JavaThread "Unconstrained build operations Thread 82"        [_thread_blocked, id=33924, stack(0x00000017acf00000,0x00000017ad000000) (1024K)]
  0x000001f4c2ef3200 JavaThread "Unconstrained build operations Thread 83"        [_thread_blocked, id=34052, stack(0x00000017ad000000,0x00000017ad100000) (1024K)]
  0x000001f4c2eefd80 JavaThread "Unconstrained build operations Thread 84"        [_thread_blocked, id=33960, stack(0x00000017ad100000,0x00000017ad200000) (1024K)]
  0x000001f4c2ef3890 JavaThread "Unconstrained build operations Thread 85"        [_thread_blocked, id=33796, stack(0x00000017ad200000,0x00000017ad300000) (1024K)]
  0x000001f4c2ef3f20 JavaThread "Unconstrained build operations Thread 86"        [_thread_blocked, id=32408, stack(0x00000017ad300000,0x00000017ad400000) (1024K)]
  0x000001f4c2ef45b0 JavaThread "Unconstrained build operations Thread 87"        [_thread_blocked, id=10148, stack(0x00000017ad400000,0x00000017ad500000) (1024K)]
  0x000001f4c2ef4c40 JavaThread "Unconstrained build operations Thread 88"        [_thread_blocked, id=1236, stack(0x00000017ad500000,0x00000017ad600000) (1024K)]
  0x000001f4c2ef52d0 JavaThread "Unconstrained build operations Thread 89"        [_thread_blocked, id=34692, stack(0x00000017ad600000,0x00000017ad700000) (1024K)]
  0x000001f4c2ef5960 JavaThread "Unconstrained build operations Thread 90"        [_thread_blocked, id=32332, stack(0x00000017ad700000,0x00000017ad800000) (1024K)]
  0x000001f4c2543ae0 JavaThread "Unconstrained build operations Thread 91"        [_thread_blocked, id=31320, stack(0x00000017ad800000,0x00000017ad900000) (1024K)]
  0x000001f4c2544800 JavaThread "Unconstrained build operations Thread 92"        [_thread_blocked, id=30804, stack(0x00000017ad900000,0x00000017ada00000) (1024K)]
  0x000001f4c2541a10 JavaThread "Unconstrained build operations Thread 93"        [_thread_blocked, id=32028, stack(0x00000017ada00000,0x00000017adb00000) (1024K)]
  0x000001f4c2541380 JavaThread "Unconstrained build operations Thread 94"        [_thread_blocked, id=32456, stack(0x00000017adb00000,0x00000017adc00000) (1024K)]
  0x000001f4c2542730 JavaThread "Unconstrained build operations Thread 95"        [_thread_blocked, id=31028, stack(0x00000017adc00000,0x00000017add00000) (1024K)]
  0x000001f4c25420a0 JavaThread "Unconstrained build operations Thread 96"        [_thread_blocked, id=34184, stack(0x00000017add00000,0x00000017ade00000) (1024K)]
  0x000001f4c2543450 JavaThread "Unconstrained build operations Thread 97"        [_thread_blocked, id=20908, stack(0x00000017ade00000,0x00000017adf00000) (1024K)]
  0x000001f4c2545bb0 JavaThread "Unconstrained build operations Thread 98"        [_thread_blocked, id=21580, stack(0x00000017adf00000,0x00000017ae000000) (1024K)]
  0x000001f4c2546240 JavaThread "Unconstrained build operations Thread 99"        [_thread_blocked, id=24756, stack(0x00000017ae000000,0x00000017ae100000) (1024K)]
  0x000001f4c2542dc0 JavaThread "Unconstrained build operations Thread 100"        [_thread_blocked, id=31500, stack(0x00000017ae100000,0x00000017ae200000) (1024K)]
  0x000001f4c311dd80 JavaThread "Unconstrained build operations Thread 101"        [_thread_blocked, id=33400, stack(0x00000017ae200000,0x00000017ae300000) (1024K)]
  0x000001f4c311a900 JavaThread "Unconstrained build operations Thread 102"        [_thread_blocked, id=1012, stack(0x00000017ae300000,0x00000017ae400000) (1024K)]
  0x000001f4c311e410 JavaThread "Unconstrained build operations Thread 103"        [_thread_blocked, id=30892, stack(0x00000017ae400000,0x00000017ae500000) (1024K)]
  0x000001f4c311af90 JavaThread "Unconstrained build operations Thread 104"        [_thread_blocked, id=29816, stack(0x00000017ae500000,0x00000017ae600000) (1024K)]
  0x000001f4c311eaa0 JavaThread "Unconstrained build operations Thread 105"        [_thread_blocked, id=27992, stack(0x00000017ae600000,0x00000017ae700000) (1024K)]
  0x000001f4c311fe50 JavaThread "Unconstrained build operations Thread 106"        [_thread_blocked, id=10292, stack(0x00000017ae700000,0x00000017ae800000) (1024K)]
  0x000001f4c311f130 JavaThread "Unconstrained build operations Thread 107"        [_thread_blocked, id=34688, stack(0x00000017ae800000,0x00000017ae900000) (1024K)]
  0x000001f4c31204e0 JavaThread "Unconstrained build operations Thread 108"        [_thread_blocked, id=33984, stack(0x00000017ae900000,0x00000017aea00000) (1024K)]
  0x000001f4c311f7c0 JavaThread "Unconstrained build operations Thread 109"        [_thread_blocked, id=14236, stack(0x00000017aea00000,0x00000017aeb00000) (1024K)]
  0x000001f4c2be2930 JavaThread "Unconstrained build operations Thread 110"        [_thread_blocked, id=33976, stack(0x00000017aeb00000,0x00000017aec00000) (1024K)]
  0x000001f4c2be3ce0 JavaThread "Unconstrained build operations Thread 111"        [_thread_blocked, id=31944, stack(0x00000017aec00000,0x00000017aed00000) (1024K)]
  0x000001f4c2be4370 JavaThread "Unconstrained build operations Thread 112"        [_thread_blocked, id=32524, stack(0x00000017aed00000,0x00000017aee00000) (1024K)]
  0x000001f4c2be5720 JavaThread "Unconstrained build operations Thread 113"        [_thread_blocked, id=32184, stack(0x00000017aee00000,0x00000017aef00000) (1024K)]
  0x000001f4c2be5090 JavaThread "Unconstrained build operations Thread 114"        [_thread_blocked, id=732, stack(0x00000017aef00000,0x00000017af000000) (1024K)]
  0x000001f4c2be3650 JavaThread "Unconstrained build operations Thread 115"        [_thread_blocked, id=31924, stack(0x00000017af000000,0x00000017af100000) (1024K)]
  0x000001f4c2be4a00 JavaThread "Unconstrained build operations Thread 116"        [_thread_blocked, id=33428, stack(0x00000017af100000,0x00000017af200000) (1024K)]
  0x000001f4c2be22a0 JavaThread "Unconstrained build operations Thread 117"        [_thread_blocked, id=33132, stack(0x00000017af200000,0x00000017af300000) (1024K)]
  0x000001f4c2be6440 JavaThread "Unconstrained build operations Thread 118"        [_thread_blocked, id=29964, stack(0x00000017af300000,0x00000017af400000) (1024K)]
  0x000001f4c2be5db0 JavaThread "Unconstrained build operations Thread 119"        [_thread_blocked, id=30264, stack(0x00000017af400000,0x00000017af500000) (1024K)]
  0x000001f4c2be2fc0 JavaThread "Unconstrained build operations Thread 120"        [_thread_blocked, id=34712, stack(0x00000017af500000,0x00000017af600000) (1024K)]
  0x000001f4c2bf0850 JavaThread "WorkerExecutor Queue"              [_thread_in_native, id=20280, stack(0x00000017af700000,0x00000017af800000) (1024K)]
  0x000001f4c2be8ba0 JavaThread "RMI Scheduler(0)"           daemon [_thread_blocked, id=29256, stack(0x00000017af800000,0x00000017af900000) (1024K)]
  0x000001f4c2be9230 JavaThread "RMI RenewClean-[127.0.0.1:17795,org.jetbrains.kotlin.daemon.common.LoopbackNetworkInterface$ClientLoopbackSocketFactory@42242fc2]" daemon [_thread_blocked, id=34372, stack(0x00000017af900000,0x00000017afa00000) (1024K)]
  0x000001f4c2be6ad0 JavaThread "RMI GC Daemon"              daemon [_thread_blocked, id=30912, stack(0x00000017afa00000,0x00000017afb00000) (1024K)]
  0x000001f4c2bea5e0 JavaThread "WorkerExecutor Queue Thread 2"        [_thread_blocked, id=33364, stack(0x00000017afb00000,0x00000017afc00000) (1024K)]
  0x000001f4c2be9f50 JavaThread "WorkerExecutor Queue Thread 3"        [_thread_blocked, id=34536, stack(0x00000017afc00000,0x00000017afd00000) (1024K)]
Total: 176

Other Threads:
=>0x000001f4f6e39c60 VMThread "VM Thread"                           [id=27864, stack(0x00000017a4300000,0x00000017a4400000) (1024K)]
  0x000001f4f6e29340 WatcherThread "VM Periodic Task Thread"        [id=21292, stack(0x00000017a4200000,0x00000017a4300000) (1024K)]
  0x000001f4d9ded010 WorkerThread "GC Thread#0"                     [id=20856, stack(0x00000017a3d00000,0x00000017a3e00000) (1024K)]
  0x000001f4fb2adab0 WorkerThread "GC Thread#1"                     [id=21232, stack(0x00000017a4e00000,0x00000017a4f00000) (1024K)]
  0x000001f4fb4f5fa0 WorkerThread "GC Thread#2"                     [id=33896, stack(0x00000017a4f00000,0x00000017a5000000) (1024K)]
  0x000001f4fb4f6340 WorkerThread "GC Thread#3"                     [id=29936, stack(0x00000017a5000000,0x00000017a5100000) (1024K)]
  0x000001f4fbfab7f0 WorkerThread "GC Thread#4"                     [id=21792, stack(0x00000017a5100000,0x00000017a5200000) (1024K)]
  0x000001f4fc8d0d30 WorkerThread "GC Thread#5"                     [id=32640, stack(0x00000017a5200000,0x00000017a5300000) (1024K)]
  0x000001f4fd50b320 WorkerThread "GC Thread#6"                     [id=31432, stack(0x00000017a6100000,0x00000017a6200000) (1024K)]
  0x000001f4fd50abe0 WorkerThread "GC Thread#7"                     [id=30064, stack(0x00000017a6200000,0x00000017a6300000) (1024K)]
  0x000001f4fd50af80 WorkerThread "GC Thread#8"                     [id=30896, stack(0x00000017a6300000,0x00000017a6400000) (1024K)]
  0x000001f4fd50b6c0 WorkerThread "GC Thread#9"                     [id=30764, stack(0x00000017a6400000,0x00000017a6500000) (1024K)]
  0x000001f4d9dffd90 ConcurrentGCThread "G1 Main Marker"            [id=20504, stack(0x00000017a3e00000,0x00000017a3f00000) (1024K)]
  0x000001f4d9e017b0 WorkerThread "G1 Conc#0"                       [id=31916, stack(0x00000017a3f00000,0x00000017a4000000) (1024K)]
  0x000001f4fd50a840 WorkerThread "G1 Conc#1"                       [id=33836, stack(0x00000017a6500000,0x00000017a6600000) (1024K)]
  0x000001f4fd1b3390 WorkerThread "G1 Conc#2"                       [id=30292, stack(0x00000017a6600000,0x00000017a6700000) (1024K)]
  0x000001f4f6cf5ab0 ConcurrentGCThread "G1 Refine#0"               [id=17364, stack(0x00000017a4000000,0x00000017a4100000) (1024K)]
  0x000001f4f6cf73e0 ConcurrentGCThread "G1 Service"                [id=32292, stack(0x00000017a4100000,0x00000017a4200000) (1024K)]
Total: 18

Threads with active compile tasks:
C2 CompilerThread0  174327 15606 % !   4       com.android.tools.r8.dex.a::b @ 2440 (3650 bytes)
Total: 1

VM state: at safepoint (normal execution)

VM Mutex/Monitor currently owned by a thread:  ([mutex/lock_event])
[0x00007ff97f70e308] Threads_lock - owner thread: 0x000001f4f6e39c60
[0x00007ff97f70e408] Heap_lock - owner thread: 0x000001f4c2be9f50

Heap address: 0x0000000080000000, size: 2048 MB, Compressed Oops mode: 32-bit

CDS archive(s) mapped at: [0x000001f480000000-0x000001f480c80000-0x000001f480c80000), size 13107200, SharedBaseAddress: 0x000001f480000000, ArchiveRelocationMode: 1.
Compressed class space mapped at: 0x000001f481000000-0x000001f4c1000000, reserved size: 1073741824
Narrow klass base: 0x000001f480000000, Narrow klass shift: 0, Narrow klass range: 0x100000000

GC Precious Log:
 CardTable entry size: 512
 Card Set container configuration: InlinePtr #cards 5 size 8 Array Of Cards #cards 12 size 40 Howl #buckets 4 coarsen threshold 1843 Howl Bitmap #cards 512 size 80 coarsen threshold 460 Card regions per heap region 1 cards per card region 2048
 CPUs: 12 total, 12 available
 Memory: 8017M
 Large Page Support: Disabled
 NUMA Support: Disabled
 Compressed Oops: Enabled (32-bit)
 Heap Region Size: 1M
 Heap Min Capacity: 8M
 Heap Initial Capacity: 126M
 Heap Max Capacity: 2G
 Pre-touch: Disabled
 Parallel Workers: 10
 Concurrent Workers: 3
 Concurrent Refinement Workers: 10
 Periodic GC: Disabled

Heap:
 garbage-first heap   total 408576K, used 312231K [0x0000000080000000, 0x0000000100000000)
  region size 1024K, 3 young (3072K), 3 survivors (3072K)
 Metaspace       used 112456K, committed 114816K, reserved 1179648K
  class space    used 15342K, committed 16512K, reserved 1048576K

Heap Regions: E=young(eden), S=young(survivor), O=old, HS=humongous(starts), HC=humongous(continues), CS=collection set, F=free, TAMS=top-at-mark-start, PB=parsable bottom
|   0|0x0000000080000000, 0x0000000080100000, 0x0000000080100000|100%|HS|  |TAMS 0x0000000080000000| PB 0x0000000080000000| Complete 
|   1|0x0000000080100000, 0x0000000080200000, 0x0000000080200000|100%|HC|  |TAMS 0x0000000080100000| PB 0x0000000080100000| Complete 
|   2|0x0000000080200000, 0x0000000080300000, 0x0000000080300000|100%|HC|  |TAMS 0x0000000080200000| PB 0x0000000080200000| Complete 
|   3|0x0000000080300000, 0x0000000080400000, 0x0000000080400000|100%| O|  |TAMS 0x0000000080300000| PB 0x0000000080300000| Untracked 
|   4|0x0000000080400000, 0x0000000080500000, 0x0000000080500000|100%| O|  |TAMS 0x0000000080400000| PB 0x0000000080400000| Untracked 
|   5|0x0000000080500000, 0x0000000080600000, 0x0000000080600000|100%| O|  |TAMS 0x0000000080500000| PB 0x0000000080500000| Untracked 
|   6|0x0000000080600000, 0x0000000080700000, 0x0000000080700000|100%|HS|  |TAMS 0x0000000080600000| PB 0x0000000080600000| Complete 
|   7|0x0000000080700000, 0x0000000080800000, 0x0000000080800000|100%| O|  |TAMS 0x0000000080700000| PB 0x0000000080700000| Untracked 
|   8|0x0000000080800000, 0x0000000080900000, 0x0000000080900000|100%| O|  |TAMS 0x0000000080800000| PB 0x0000000080800000| Untracked 
|   9|0x0000000080900000, 0x0000000080a00000, 0x0000000080a00000|100%| O|  |TAMS 0x0000000080900000| PB 0x0000000080900000| Untracked 
|  10|0x0000000080a00000, 0x0000000080b00000, 0x0000000080b00000|100%| O|  |TAMS 0x0000000080a00000| PB 0x0000000080a00000| Untracked 
|  11|0x0000000080b00000, 0x0000000080c00000, 0x0000000080c00000|100%| O|  |TAMS 0x0000000080b00000| PB 0x0000000080b00000| Untracked 
|  12|0x0000000080c00000, 0x0000000080d00000, 0x0000000080d00000|100%| O|  |TAMS 0x0000000080c00000| PB 0x0000000080c00000| Untracked 
|  13|0x0000000080d00000, 0x0000000080e00000, 0x0000000080e00000|100%| O|  |TAMS 0x0000000080d00000| PB 0x0000000080d00000| Untracked 
|  14|0x0000000080e00000, 0x0000000080f00000, 0x0000000080f00000|100%| O|  |TAMS 0x0000000080e00000| PB 0x0000000080e00000| Untracked 
|  15|0x0000000080f00000, 0x0000000081000000, 0x0000000081000000|100%| O|  |TAMS 0x0000000080f00000| PB 0x0000000080f00000| Untracked 
|  16|0x0000000081000000, 0x0000000081100000, 0x0000000081100000|100%| O|  |TAMS 0x0000000081000000| PB 0x0000000081000000| Untracked 
|  17|0x0000000081100000, 0x0000000081200000, 0x0000000081200000|100%| O|  |TAMS 0x0000000081100000| PB 0x0000000081100000| Untracked 
|  18|0x0000000081200000, 0x0000000081300000, 0x0000000081300000|100%| O|  |TAMS 0x0000000081200000| PB 0x0000000081200000| Untracked 
|  19|0x0000000081300000, 0x0000000081400000, 0x0000000081400000|100%| O|  |TAMS 0x0000000081300000| PB 0x0000000081300000| Untracked 
|  20|0x0000000081400000, 0x0000000081500000, 0x0000000081500000|100%| O|  |TAMS 0x0000000081400000| PB 0x0000000081400000| Untracked 
|  21|0x0000000081500000, 0x0000000081600000, 0x0000000081600000|100%| O|  |TAMS 0x0000000081500000| PB 0x0000000081500000| Untracked 
|  22|0x0000000081600000, 0x0000000081700000, 0x0000000081700000|100%| O|  |TAMS 0x0000000081600000| PB 0x0000000081600000| Untracked 
|  23|0x0000000081700000, 0x0000000081800000, 0x0000000081800000|100%| O|  |TAMS 0x0000000081700000| PB 0x0000000081700000| Untracked 
|  24|0x0000000081800000, 0x0000000081900000, 0x0000000081900000|100%| O|  |TAMS 0x0000000081800000| PB 0x0000000081800000| Untracked 
|  25|0x0000000081900000, 0x0000000081a00000, 0x0000000081a00000|100%| O|  |TAMS 0x0000000081900000| PB 0x0000000081900000| Untracked 
|  26|0x0000000081a00000, 0x0000000081b00000, 0x0000000081b00000|100%| O|  |TAMS 0x0000000081a00000| PB 0x0000000081a00000| Untracked 
|  27|0x0000000081b00000, 0x0000000081c00000, 0x0000000081c00000|100%| O|  |TAMS 0x0000000081b00000| PB 0x0000000081b00000| Untracked 
|  28|0x0000000081c00000, 0x0000000081d00000, 0x0000000081d00000|100%| O|  |TAMS 0x0000000081c00000| PB 0x0000000081c00000| Untracked 
|  29|0x0000000081d00000, 0x0000000081e00000, 0x0000000081e00000|100%| O|  |TAMS 0x0000000081d00000| PB 0x0000000081d00000| Untracked 
|  30|0x0000000081e00000, 0x0000000081f00000, 0x0000000081f00000|100%| O|  |TAMS 0x0000000081e00000| PB 0x0000000081e00000| Untracked 
|  31|0x0000000081f00000, 0x0000000082000000, 0x0000000082000000|100%| O|  |TAMS 0x0000000081f00000| PB 0x0000000081f00000| Untracked 
|  32|0x0000000082000000, 0x0000000082100000, 0x0000000082100000|100%| O|  |TAMS 0x0000000082000000| PB 0x0000000082000000| Untracked 
|  33|0x0000000082100000, 0x0000000082200000, 0x0000000082200000|100%| O|  |TAMS 0x0000000082100000| PB 0x0000000082100000| Untracked 
|  34|0x0000000082200000, 0x0000000082300000, 0x0000000082300000|100%| O|  |TAMS 0x0000000082200000| PB 0x0000000082200000| Untracked 
|  35|0x0000000082300000, 0x0000000082400000, 0x0000000082400000|100%| O|  |TAMS 0x0000000082300000| PB 0x0000000082300000| Untracked 
|  36|0x0000000082400000, 0x0000000082500000, 0x0000000082500000|100%|HS|  |TAMS 0x0000000082400000| PB 0x0000000082400000| Complete 
|  37|0x0000000082500000, 0x0000000082600000, 0x0000000082600000|100%| O|  |TAMS 0x0000000082500000| PB 0x0000000082500000| Untracked 
|  38|0x0000000082600000, 0x0000000082700000, 0x0000000082700000|100%| O|  |TAMS 0x0000000082600000| PB 0x0000000082600000| Untracked 
|  39|0x0000000082700000, 0x0000000082800000, 0x0000000082800000|100%| O|  |TAMS 0x0000000082700000| PB 0x0000000082700000| Untracked 
|  40|0x0000000082800000, 0x0000000082900000, 0x0000000082900000|100%| O|  |TAMS 0x0000000082800000| PB 0x0000000082800000| Untracked 
|  41|0x0000000082900000, 0x0000000082a00000, 0x0000000082a00000|100%| O|  |TAMS 0x0000000082900000| PB 0x0000000082900000| Untracked 
|  42|0x0000000082a00000, 0x0000000082b00000, 0x0000000082b00000|100%| O|  |TAMS 0x0000000082a00000| PB 0x0000000082a00000| Untracked 
|  43|0x0000000082b00000, 0x0000000082c00000, 0x0000000082c00000|100%|HS|  |TAMS 0x0000000082b00000| PB 0x0000000082b00000| Complete 
|  44|0x0000000082c00000, 0x0000000082d00000, 0x0000000082d00000|100%| O|  |TAMS 0x0000000082c00000| PB 0x0000000082c00000| Untracked 
|  45|0x0000000082d00000, 0x0000000082e00000, 0x0000000082e00000|100%| O|  |TAMS 0x0000000082d00000| PB 0x0000000082d00000| Untracked 
|  46|0x0000000082e00000, 0x0000000082f00000, 0x0000000082f00000|100%| O|  |TAMS 0x0000000082e00000| PB 0x0000000082e00000| Untracked 
|  47|0x0000000082f00000, 0x0000000083000000, 0x0000000083000000|100%| O|  |TAMS 0x0000000082f00000| PB 0x0000000082f00000| Untracked 
|  48|0x0000000083000000, 0x0000000083100000, 0x0000000083100000|100%| O|  |TAMS 0x0000000083000000| PB 0x0000000083000000| Untracked 
|  49|0x0000000083100000, 0x0000000083200000, 0x0000000083200000|100%|HS|  |TAMS 0x0000000083100000| PB 0x0000000083100000| Complete 
|  50|0x0000000083200000, 0x0000000083300000, 0x0000000083300000|100%|HC|  |TAMS 0x0000000083200000| PB 0x0000000083200000| Complete 
|  51|0x0000000083300000, 0x0000000083400000, 0x0000000083400000|100%|HS|  |TAMS 0x0000000083300000| PB 0x0000000083300000| Complete 
|  52|0x0000000083400000, 0x0000000083500000, 0x0000000083500000|100%|HC|  |TAMS 0x0000000083400000| PB 0x0000000083400000| Complete 
|  53|0x0000000083500000, 0x0000000083600000, 0x0000000083600000|100%|HS|  |TAMS 0x0000000083500000| PB 0x0000000083500000| Complete 
|  54|0x0000000083600000, 0x0000000083700000, 0x0000000083700000|100%|HC|  |TAMS 0x0000000083600000| PB 0x0000000083600000| Complete 
|  55|0x0000000083700000, 0x0000000083800000, 0x0000000083800000|100%|HC|  |TAMS 0x0000000083700000| PB 0x0000000083700000| Complete 
|  56|0x0000000083800000, 0x0000000083900000, 0x0000000083900000|100%|HS|  |TAMS 0x0000000083800000| PB 0x0000000083800000| Complete 
|  57|0x0000000083900000, 0x0000000083a00000, 0x0000000083a00000|100%|HS|  |TAMS 0x0000000083900000| PB 0x0000000083900000| Complete 
|  58|0x0000000083a00000, 0x0000000083b00000, 0x0000000083b00000|100%|HS|  |TAMS 0x0000000083a00000| PB 0x0000000083a00000| Complete 
|  59|0x0000000083b00000, 0x0000000083c00000, 0x0000000083c00000|100%|HS|  |TAMS 0x0000000083b00000| PB 0x0000000083b00000| Complete 
|  60|0x0000000083c00000, 0x0000000083d00000, 0x0000000083d00000|100%| O|  |TAMS 0x0000000083c00000| PB 0x0000000083c00000| Untracked 
|  61|0x0000000083d00000, 0x0000000083e00000, 0x0000000083e00000|100%| O|  |TAMS 0x0000000083d00000| PB 0x0000000083d00000| Untracked 
|  62|0x0000000083e00000, 0x0000000083f00000, 0x0000000083f00000|100%| O|  |TAMS 0x0000000083e00000| PB 0x0000000083e00000| Untracked 
|  63|0x0000000083f00000, 0x0000000084000000, 0x0000000084000000|100%| O|  |TAMS 0x0000000083f00000| PB 0x0000000083f00000| Untracked 
|  64|0x0000000084000000, 0x0000000084100000, 0x0000000084100000|100%| O|  |TAMS 0x0000000084000000| PB 0x0000000084000000| Untracked 
|  65|0x0000000084100000, 0x0000000084200000, 0x0000000084200000|100%| O|  |TAMS 0x0000000084100000| PB 0x0000000084100000| Untracked 
|  66|0x0000000084200000, 0x0000000084300000, 0x0000000084300000|100%|HS|  |TAMS 0x0000000084200000| PB 0x0000000084200000| Complete 
|  67|0x0000000084300000, 0x0000000084400000, 0x0000000084400000|100%| O|  |TAMS 0x0000000084300000| PB 0x0000000084300000| Untracked 
|  68|0x0000000084400000, 0x0000000084500000, 0x0000000084500000|100%| O|  |TAMS 0x0000000084400000| PB 0x0000000084400000| Untracked 
|  69|0x0000000084500000, 0x0000000084600000, 0x0000000084600000|100%| O|  |TAMS 0x0000000084500000| PB 0x0000000084500000| Untracked 
|  70|0x0000000084600000, 0x0000000084700000, 0x0000000084700000|100%| O|  |TAMS 0x0000000084600000| PB 0x0000000084600000| Untracked 
|  71|0x0000000084700000, 0x0000000084800000, 0x0000000084800000|100%|HS|  |TAMS 0x0000000084700000| PB 0x0000000084700000| Complete 
|  72|0x0000000084800000, 0x0000000084900000, 0x0000000084900000|100%|HC|  |TAMS 0x0000000084800000| PB 0x0000000084800000| Complete 
|  73|0x0000000084900000, 0x0000000084a00000, 0x0000000084a00000|100%|HC|  |TAMS 0x0000000084900000| PB 0x0000000084900000| Complete 
|  74|0x0000000084a00000, 0x0000000084b00000, 0x0000000084b00000|100%| O|  |TAMS 0x0000000084a00000| PB 0x0000000084a00000| Untracked 
|  75|0x0000000084b00000, 0x0000000084c00000, 0x0000000084c00000|100%| O|  |TAMS 0x0000000084b00000| PB 0x0000000084b00000| Untracked 
|  76|0x0000000084c00000, 0x0000000084d00000, 0x0000000084d00000|100%| O|  |TAMS 0x0000000084c00000| PB 0x0000000084c00000| Untracked 
|  77|0x0000000084d00000, 0x0000000084e00000, 0x0000000084e00000|100%| O|  |TAMS 0x0000000084d00000| PB 0x0000000084d00000| Untracked 
|  78|0x0000000084e00000, 0x0000000084f00000, 0x0000000084f00000|100%| O|  |TAMS 0x0000000084e00000| PB 0x0000000084e00000| Untracked 
|  79|0x0000000084f00000, 0x0000000085000000, 0x0000000085000000|100%| O|  |TAMS 0x0000000084f00000| PB 0x0000000084f00000| Untracked 
|  80|0x0000000085000000, 0x0000000085100000, 0x0000000085100000|100%| O|  |TAMS 0x0000000085000000| PB 0x0000000085000000| Untracked 
|  81|0x0000000085100000, 0x0000000085200000, 0x0000000085200000|100%| O|  |TAMS 0x0000000085100000| PB 0x0000000085100000| Untracked 
|  82|0x0000000085200000, 0x0000000085300000, 0x0000000085300000|100%| O|  |TAMS 0x0000000085200000| PB 0x0000000085200000| Untracked 
|  83|0x0000000085300000, 0x0000000085400000, 0x0000000085400000|100%| O|  |TAMS 0x0000000085300000| PB 0x0000000085300000| Untracked 
|  84|0x0000000085400000, 0x0000000085500000, 0x0000000085500000|100%| O|  |TAMS 0x0000000085400000| PB 0x0000000085400000| Untracked 
|  85|0x0000000085500000, 0x0000000085600000, 0x0000000085600000|100%| O|  |TAMS 0x0000000085500000| PB 0x0000000085500000| Untracked 
|  86|0x0000000085600000, 0x0000000085700000, 0x0000000085700000|100%| O|  |TAMS 0x0000000085600000| PB 0x0000000085600000| Untracked 
|  87|0x0000000085700000, 0x0000000085800000, 0x0000000085800000|100%| O|  |TAMS 0x0000000085700000| PB 0x0000000085700000| Untracked 
|  88|0x0000000085800000, 0x0000000085900000, 0x0000000085900000|100%| O|  |TAMS 0x0000000085800000| PB 0x0000000085800000| Untracked 
|  89|0x0000000085900000, 0x0000000085a00000, 0x0000000085a00000|100%| O|  |TAMS 0x0000000085900000| PB 0x0000000085900000| Untracked 
|  90|0x0000000085a00000, 0x0000000085b00000, 0x0000000085b00000|100%| O|  |TAMS 0x0000000085a00000| PB 0x0000000085a00000| Untracked 
|  91|0x0000000085b00000, 0x0000000085c00000, 0x0000000085c00000|100%| O|  |TAMS 0x0000000085b00000| PB 0x0000000085b00000| Untracked 
|  92|0x0000000085c00000, 0x0000000085d00000, 0x0000000085d00000|100%| O|  |TAMS 0x0000000085c00000| PB 0x0000000085c00000| Untracked 
|  93|0x0000000085d00000, 0x0000000085e00000, 0x0000000085e00000|100%| O|  |TAMS 0x0000000085d00000| PB 0x0000000085d00000| Untracked 
|  94|0x0000000085e00000, 0x0000000085f00000, 0x0000000085f00000|100%| O|  |TAMS 0x0000000085e00000| PB 0x0000000085e00000| Untracked 
|  95|0x0000000085f00000, 0x0000000086000000, 0x0000000086000000|100%| O|  |TAMS 0x0000000085f00000| PB 0x0000000085f00000| Untracked 
|  96|0x0000000086000000, 0x0000000086100000, 0x0000000086100000|100%|HS|  |TAMS 0x0000000086000000| PB 0x0000000086000000| Complete 
|  97|0x0000000086100000, 0x0000000086200000, 0x0000000086200000|100%| O|  |TAMS 0x0000000086100000| PB 0x0000000086100000| Untracked 
|  98|0x0000000086200000, 0x0000000086300000, 0x0000000086300000|100%| O|  |TAMS 0x0000000086200000| PB 0x0000000086200000| Untracked 
|  99|0x0000000086300000, 0x0000000086400000, 0x0000000086400000|100%| O|  |TAMS 0x0000000086300000| PB 0x0000000086300000| Untracked 
| 100|0x0000000086400000, 0x0000000086400000, 0x0000000086500000|  0%| F|  |TAMS 0x0000000086400000| PB 0x0000000086400000| Untracked 
| 101|0x0000000086500000, 0x0000000086600000, 0x0000000086600000|100%| O|  |TAMS 0x0000000086500000| PB 0x0000000086500000| Untracked 
| 102|0x0000000086600000, 0x0000000086700000, 0x0000000086700000|100%| O|  |TAMS 0x0000000086600000| PB 0x0000000086600000| Untracked 
| 103|0x0000000086700000, 0x0000000086800000, 0x0000000086800000|100%| O|  |TAMS 0x0000000086700000| PB 0x0000000086700000| Untracked 
| 104|0x0000000086800000, 0x0000000086900000, 0x0000000086900000|100%| O|  |TAMS 0x0000000086800000| PB 0x0000000086800000| Untracked 
| 105|0x0000000086900000, 0x0000000086a00000, 0x0000000086a00000|100%| O|  |TAMS 0x0000000086900000| PB 0x0000000086900000| Untracked 
| 106|0x0000000086a00000, 0x0000000086b00000, 0x0000000086b00000|100%| O|  |TAMS 0x0000000086a00000| PB 0x0000000086a00000| Untracked 
| 107|0x0000000086b00000, 0x0000000086c00000, 0x0000000086c00000|100%| O|  |TAMS 0x0000000086b00000| PB 0x0000000086b00000| Untracked 
| 108|0x0000000086c00000, 0x0000000086d00000, 0x0000000086d00000|100%| O|  |TAMS 0x0000000086c00000| PB 0x0000000086c00000| Untracked 
| 109|0x0000000086d00000, 0x0000000086e00000, 0x0000000086e00000|100%| O|  |TAMS 0x0000000086d00000| PB 0x0000000086d00000| Untracked 
| 110|0x0000000086e00000, 0x0000000086f00000, 0x0000000086f00000|100%| O|  |TAMS 0x0000000086e00000| PB 0x0000000086e00000| Untracked 
| 111|0x0000000086f00000, 0x0000000087000000, 0x0000000087000000|100%| O|  |TAMS 0x0000000086f00000| PB 0x0000000086f00000| Untracked 
| 112|0x0000000087000000, 0x0000000087100000, 0x0000000087100000|100%| O|  |TAMS 0x0000000087000000| PB 0x0000000087000000| Untracked 
| 113|0x0000000087100000, 0x0000000087200000, 0x0000000087200000|100%| O|  |TAMS 0x0000000087100000| PB 0x0000000087100000| Untracked 
| 114|0x0000000087200000, 0x0000000087300000, 0x0000000087300000|100%| O|  |TAMS 0x0000000087200000| PB 0x0000000087200000| Untracked 
| 115|0x0000000087300000, 0x0000000087400000, 0x0000000087400000|100%| O|  |TAMS 0x0000000087300000| PB 0x0000000087300000| Untracked 
| 116|0x0000000087400000, 0x0000000087500000, 0x0000000087500000|100%|HS|  |TAMS 0x0000000087400000| PB 0x0000000087400000| Complete 
| 117|0x0000000087500000, 0x0000000087600000, 0x0000000087600000|100%|HS|  |TAMS 0x0000000087500000| PB 0x0000000087500000| Complete 
| 118|0x0000000087600000, 0x0000000087700000, 0x0000000087700000|100%|HS|  |TAMS 0x0000000087600000| PB 0x0000000087600000| Complete 
| 119|0x0000000087700000, 0x0000000087800000, 0x0000000087800000|100%|HC|  |TAMS 0x0000000087700000| PB 0x0000000087700000| Complete 
| 120|0x0000000087800000, 0x0000000087900000, 0x0000000087900000|100%|HC|  |TAMS 0x0000000087800000| PB 0x0000000087800000| Complete 
| 121|0x0000000087900000, 0x0000000087a00000, 0x0000000087a00000|100%|HC|  |TAMS 0x0000000087900000| PB 0x0000000087900000| Complete 
| 122|0x0000000087a00000, 0x0000000087b00000, 0x0000000087b00000|100%|HS|  |TAMS 0x0000000087a00000| PB 0x0000000087a00000| Complete 
| 123|0x0000000087b00000, 0x0000000087c00000, 0x0000000087c00000|100%|HC|  |TAMS 0x0000000087b00000| PB 0x0000000087b00000| Complete 
| 124|0x0000000087c00000, 0x0000000087d00000, 0x0000000087d00000|100%|HS|  |TAMS 0x0000000087c00000| PB 0x0000000087c00000| Complete 
| 125|0x0000000087d00000, 0x0000000087e00000, 0x0000000087e00000|100%|HC|  |TAMS 0x0000000087d00000| PB 0x0000000087d00000| Complete 
| 126|0x0000000087e00000, 0x0000000087f00000, 0x0000000087f00000|100%|HC|  |TAMS 0x0000000087e00000| PB 0x0000000087e00000| Complete 
| 127|0x0000000087f00000, 0x0000000088000000, 0x0000000088000000|100%|HC|  |TAMS 0x0000000087f00000| PB 0x0000000087f00000| Complete 
| 128|0x0000000088000000, 0x0000000088100000, 0x0000000088100000|100%|HC|  |TAMS 0x0000000088000000| PB 0x0000000088000000| Complete 
| 129|0x0000000088100000, 0x0000000088200000, 0x0000000088200000|100%|HS|  |TAMS 0x0000000088100000| PB 0x0000000088100000| Complete 
| 130|0x0000000088200000, 0x0000000088300000, 0x0000000088300000|100%|HS|  |TAMS 0x0000000088200000| PB 0x0000000088200000| Complete 
| 131|0x0000000088300000, 0x0000000088400000, 0x0000000088400000|100%|HS|  |TAMS 0x0000000088300000| PB 0x0000000088300000| Complete 
| 132|0x0000000088400000, 0x0000000088500000, 0x0000000088500000|100%|HS|  |TAMS 0x0000000088400000| PB 0x0000000088400000| Complete 
| 133|0x0000000088500000, 0x0000000088600000, 0x0000000088600000|100%|HC|  |TAMS 0x0000000088500000| PB 0x0000000088500000| Complete 
| 134|0x0000000088600000, 0x0000000088700000, 0x0000000088700000|100%|HS|  |TAMS 0x0000000088600000| PB 0x0000000088600000| Complete 
| 135|0x0000000088700000, 0x0000000088800000, 0x0000000088800000|100%|HC|  |TAMS 0x0000000088700000| PB 0x0000000088700000| Complete 
| 136|0x0000000088800000, 0x0000000088900000, 0x0000000088900000|100%|HS|  |TAMS 0x0000000088800000| PB 0x0000000088800000| Complete 
| 137|0x0000000088900000, 0x0000000088a00000, 0x0000000088a00000|100%|HC|  |TAMS 0x0000000088900000| PB 0x0000000088900000| Complete 
| 138|0x0000000088a00000, 0x0000000088b00000, 0x0000000088b00000|100%|HC|  |TAMS 0x0000000088a00000| PB 0x0000000088a00000| Complete 
| 139|0x0000000088b00000, 0x0000000088c00000, 0x0000000088c00000|100%|HC|  |TAMS 0x0000000088b00000| PB 0x0000000088b00000| Complete 
| 140|0x0000000088c00000, 0x0000000088d00000, 0x0000000088d00000|100%|HC|  |TAMS 0x0000000088c00000| PB 0x0000000088c00000| Complete 
| 141|0x0000000088d00000, 0x0000000088e00000, 0x0000000088e00000|100%|HC|  |TAMS 0x0000000088d00000| PB 0x0000000088d00000| Complete 
| 142|0x0000000088e00000, 0x0000000088f00000, 0x0000000088f00000|100%|HC|  |TAMS 0x0000000088e00000| PB 0x0000000088e00000| Complete 
| 143|0x0000000088f00000, 0x0000000089000000, 0x0000000089000000|100%|HC|  |TAMS 0x0000000088f00000| PB 0x0000000088f00000| Complete 
| 144|0x0000000089000000, 0x0000000089100000, 0x0000000089100000|100%|HC|  |TAMS 0x0000000089000000| PB 0x0000000089000000| Complete 
| 145|0x0000000089100000, 0x0000000089200000, 0x0000000089200000|100%|HC|  |TAMS 0x0000000089100000| PB 0x0000000089100000| Complete 
| 146|0x0000000089200000, 0x0000000089300000, 0x0000000089300000|100%|HC|  |TAMS 0x0000000089200000| PB 0x0000000089200000| Complete 
| 147|0x0000000089300000, 0x0000000089400000, 0x0000000089400000|100%|HC|  |TAMS 0x0000000089300000| PB 0x0000000089300000| Complete 
| 148|0x0000000089400000, 0x0000000089500000, 0x0000000089500000|100%|HC|  |TAMS 0x0000000089400000| PB 0x0000000089400000| Complete 
| 149|0x0000000089500000, 0x0000000089600000, 0x0000000089600000|100%|HC|  |TAMS 0x0000000089500000| PB 0x0000000089500000| Complete 
| 150|0x0000000089600000, 0x0000000089700000, 0x0000000089700000|100%|HC|  |TAMS 0x0000000089600000| PB 0x0000000089600000| Complete 
| 151|0x0000000089700000, 0x0000000089800000, 0x0000000089800000|100%|HC|  |TAMS 0x0000000089700000| PB 0x0000000089700000| Complete 
| 152|0x0000000089800000, 0x0000000089900000, 0x0000000089900000|100%|HC|  |TAMS 0x0000000089800000| PB 0x0000000089800000| Complete 
| 153|0x0000000089900000, 0x0000000089a00000, 0x0000000089a00000|100%|HC|  |TAMS 0x0000000089900000| PB 0x0000000089900000| Complete 
| 154|0x0000000089a00000, 0x0000000089b00000, 0x0000000089b00000|100%|HC|  |TAMS 0x0000000089a00000| PB 0x0000000089a00000| Complete 
| 155|0x0000000089b00000, 0x0000000089c00000, 0x0000000089c00000|100%|HC|  |TAMS 0x0000000089b00000| PB 0x0000000089b00000| Complete 
| 156|0x0000000089c00000, 0x0000000089d00000, 0x0000000089d00000|100%|HC|  |TAMS 0x0000000089c00000| PB 0x0000000089c00000| Complete 
| 157|0x0000000089d00000, 0x0000000089e00000, 0x0000000089e00000|100%|HC|  |TAMS 0x0000000089d00000| PB 0x0000000089d00000| Complete 
| 158|0x0000000089e00000, 0x0000000089f00000, 0x0000000089f00000|100%|HC|  |TAMS 0x0000000089e00000| PB 0x0000000089e00000| Complete 
| 159|0x0000000089f00000, 0x000000008a000000, 0x000000008a000000|100%|HC|  |TAMS 0x0000000089f00000| PB 0x0000000089f00000| Complete 
| 160|0x000000008a000000, 0x000000008a100000, 0x000000008a100000|100%|HC|  |TAMS 0x000000008a000000| PB 0x000000008a000000| Complete 
| 161|0x000000008a100000, 0x000000008a200000, 0x000000008a200000|100%|HC|  |TAMS 0x000000008a100000| PB 0x000000008a100000| Complete 
| 162|0x000000008a200000, 0x000000008a300000, 0x000000008a300000|100%|HC|  |TAMS 0x000000008a200000| PB 0x000000008a200000| Complete 
| 163|0x000000008a300000, 0x000000008a400000, 0x000000008a400000|100%|HC|  |TAMS 0x000000008a300000| PB 0x000000008a300000| Complete 
| 164|0x000000008a400000, 0x000000008a500000, 0x000000008a500000|100%|HC|  |TAMS 0x000000008a400000| PB 0x000000008a400000| Complete 
| 165|0x000000008a500000, 0x000000008a600000, 0x000000008a600000|100%|HC|  |TAMS 0x000000008a500000| PB 0x000000008a500000| Complete 
| 166|0x000000008a600000, 0x000000008a700000, 0x000000008a700000|100%|HS|  |TAMS 0x000000008a600000| PB 0x000000008a600000| Complete 
| 167|0x000000008a700000, 0x000000008a800000, 0x000000008a800000|100%|HS|  |TAMS 0x000000008a700000| PB 0x000000008a700000| Complete 
| 168|0x000000008a800000, 0x000000008a900000, 0x000000008a900000|100%|HC|  |TAMS 0x000000008a800000| PB 0x000000008a800000| Complete 
| 169|0x000000008a900000, 0x000000008aa00000, 0x000000008aa00000|100%|HC|  |TAMS 0x000000008a900000| PB 0x000000008a900000| Complete 
| 170|0x000000008aa00000, 0x000000008ab00000, 0x000000008ab00000|100%|HC|  |TAMS 0x000000008aa00000| PB 0x000000008aa00000| Complete 
| 171|0x000000008ab00000, 0x000000008ac00000, 0x000000008ac00000|100%|HS|  |TAMS 0x000000008ab00000| PB 0x000000008ab00000| Complete 
| 172|0x000000008ac00000, 0x000000008ad00000, 0x000000008ad00000|100%|HS|  |TAMS 0x000000008ac00000| PB 0x000000008ac00000| Complete 
| 173|0x000000008ad00000, 0x000000008ae00000, 0x000000008ae00000|100%|HS|  |TAMS 0x000000008ad00000| PB 0x000000008ad00000| Complete 
| 174|0x000000008ae00000, 0x000000008af00000, 0x000000008af00000|100%|HC|  |TAMS 0x000000008ae00000| PB 0x000000008ae00000| Complete 
| 175|0x000000008af00000, 0x000000008b000000, 0x000000008b000000|100%|HS|  |TAMS 0x000000008af00000| PB 0x000000008af00000| Complete 
| 176|0x000000008b000000, 0x000000008b100000, 0x000000008b100000|100%|HC|  |TAMS 0x000000008b000000| PB 0x000000008b000000| Complete 
| 177|0x000000008b100000, 0x000000008b200000, 0x000000008b200000|100%|HS|  |TAMS 0x000000008b100000| PB 0x000000008b100000| Complete 
| 178|0x000000008b200000, 0x000000008b300000, 0x000000008b300000|100%|HS|  |TAMS 0x000000008b200000| PB 0x000000008b200000| Complete 
| 179|0x000000008b300000, 0x000000008b400000, 0x000000008b400000|100%|HC|  |TAMS 0x000000008b300000| PB 0x000000008b300000| Complete 
| 180|0x000000008b400000, 0x000000008b500000, 0x000000008b500000|100%|HC|  |TAMS 0x000000008b400000| PB 0x000000008b400000| Complete 
| 181|0x000000008b500000, 0x000000008b600000, 0x000000008b600000|100%| O|  |TAMS 0x000000008b500000| PB 0x000000008b500000| Untracked 
| 182|0x000000008b600000, 0x000000008b700000, 0x000000008b700000|100%|HS|  |TAMS 0x000000008b600000| PB 0x000000008b600000| Complete 
| 183|0x000000008b700000, 0x000000008b800000, 0x000000008b800000|100%|HS|  |TAMS 0x000000008b700000| PB 0x000000008b700000| Complete 
| 184|0x000000008b800000, 0x000000008b900000, 0x000000008b900000|100%|HS|  |TAMS 0x000000008b800000| PB 0x000000008b800000| Complete 
| 185|0x000000008b900000, 0x000000008ba00000, 0x000000008ba00000|100%| O|  |TAMS 0x000000008b900000| PB 0x000000008b900000| Untracked 
| 186|0x000000008ba00000, 0x000000008bb00000, 0x000000008bb00000|100%|HS|  |TAMS 0x000000008ba00000| PB 0x000000008ba00000| Complete 
| 187|0x000000008bb00000, 0x000000008bc00000, 0x000000008bc00000|100%| O|  |TAMS 0x000000008bb00000| PB 0x000000008bb00000| Untracked 
| 188|0x000000008bc00000, 0x000000008bd00000, 0x000000008bd00000|100%| O|  |TAMS 0x000000008bc00000| PB 0x000000008bc00000| Untracked 
| 189|0x000000008bd00000, 0x000000008be00000, 0x000000008be00000|100%| O|  |TAMS 0x000000008bd00000| PB 0x000000008bd00000| Untracked 
| 190|0x000000008be00000, 0x000000008bf00000, 0x000000008bf00000|100%| O|  |TAMS 0x000000008be00000| PB 0x000000008be00000| Untracked 
| 191|0x000000008bf00000, 0x000000008c000000, 0x000000008c000000|100%|HS|  |TAMS 0x000000008bf00000| PB 0x000000008bf00000| Complete 
| 192|0x000000008c000000, 0x000000008c100000, 0x000000008c100000|100%|HC|  |TAMS 0x000000008c000000| PB 0x000000008c000000| Complete 
| 193|0x000000008c100000, 0x000000008c200000, 0x000000008c200000|100%|HC|  |TAMS 0x000000008c100000| PB 0x000000008c100000| Complete 
| 194|0x000000008c200000, 0x000000008c300000, 0x000000008c300000|100%|HC|  |TAMS 0x000000008c200000| PB 0x000000008c200000| Complete 
| 195|0x000000008c300000, 0x000000008c400000, 0x000000008c400000|100%|HS|  |TAMS 0x000000008c300000| PB 0x000000008c300000| Complete 
| 196|0x000000008c400000, 0x000000008c500000, 0x000000008c500000|100%|HC|  |TAMS 0x000000008c400000| PB 0x000000008c400000| Complete 
| 197|0x000000008c500000, 0x000000008c600000, 0x000000008c600000|100%| O|  |TAMS 0x000000008c500000| PB 0x000000008c500000| Untracked 
| 198|0x000000008c600000, 0x000000008c700000, 0x000000008c700000|100%| O|  |TAMS 0x000000008c600000| PB 0x000000008c600000| Untracked 
| 199|0x000000008c700000, 0x000000008c800000, 0x000000008c800000|100%|HS|  |TAMS 0x000000008c700000| PB 0x000000008c700000| Complete 
| 200|0x000000008c800000, 0x000000008c900000, 0x000000008c900000|100%|HC|  |TAMS 0x000000008c800000| PB 0x000000008c800000| Complete 
| 201|0x000000008c900000, 0x000000008ca00000, 0x000000008ca00000|100%| O|  |TAMS 0x000000008c900000| PB 0x000000008c900000| Untracked 
| 202|0x000000008ca00000, 0x000000008cb00000, 0x000000008cb00000|100%|HS|  |TAMS 0x000000008ca00000| PB 0x000000008ca00000| Complete 
| 203|0x000000008cb00000, 0x000000008cc00000, 0x000000008cc00000|100%| O|  |TAMS 0x000000008cb00000| PB 0x000000008cb00000| Untracked 
| 204|0x000000008cc00000, 0x000000008cd00000, 0x000000008cd00000|100%| O|  |TAMS 0x000000008cc00000| PB 0x000000008cc00000| Untracked 
| 205|0x000000008cd00000, 0x000000008ce00000, 0x000000008ce00000|100%| O|  |TAMS 0x000000008cd00000| PB 0x000000008cd00000| Untracked 
| 206|0x000000008ce00000, 0x000000008cf00000, 0x000000008cf00000|100%|HS|  |TAMS 0x000000008ce00000| PB 0x000000008ce00000| Complete 
| 207|0x000000008cf00000, 0x000000008d000000, 0x000000008d000000|100%| O|  |TAMS 0x000000008cf00000| PB 0x000000008cf00000| Untracked 
| 208|0x000000008d000000, 0x000000008d100000, 0x000000008d100000|100%|HS|  |TAMS 0x000000008d000000| PB 0x000000008d000000| Complete 
| 209|0x000000008d100000, 0x000000008d200000, 0x000000008d200000|100%|HC|  |TAMS 0x000000008d100000| PB 0x000000008d100000| Complete 
| 210|0x000000008d200000, 0x000000008d300000, 0x000000008d300000|100%| O|  |TAMS 0x000000008d200000| PB 0x000000008d200000| Untracked 
| 211|0x000000008d300000, 0x000000008d400000, 0x000000008d400000|100%| O|  |TAMS 0x000000008d300000| PB 0x000000008d300000| Untracked 
| 212|0x000000008d400000, 0x000000008d500000, 0x000000008d500000|100%| O|  |TAMS 0x000000008d400000| PB 0x000000008d400000| Untracked 
| 213|0x000000008d500000, 0x000000008d600000, 0x000000008d600000|100%|HS|  |TAMS 0x000000008d500000| PB 0x000000008d500000| Complete 
| 214|0x000000008d600000, 0x000000008d700000, 0x000000008d700000|100%|HC|  |TAMS 0x000000008d600000| PB 0x000000008d600000| Complete 
| 215|0x000000008d700000, 0x000000008d800000, 0x000000008d800000|100%|HC|  |TAMS 0x000000008d700000| PB 0x000000008d700000| Complete 
| 216|0x000000008d800000, 0x000000008d900000, 0x000000008d900000|100%| O|  |TAMS 0x000000008d800000| PB 0x000000008d800000| Untracked 
| 217|0x000000008d900000, 0x000000008da00000, 0x000000008da00000|100%| O|  |TAMS 0x000000008d900000| PB 0x000000008d900000| Untracked 
| 218|0x000000008da00000, 0x000000008db00000, 0x000000008db00000|100%| O|  |TAMS 0x000000008da00000| PB 0x000000008da00000| Untracked 
| 219|0x000000008db00000, 0x000000008dc00000, 0x000000008dc00000|100%| O|  |TAMS 0x000000008db00000| PB 0x000000008db00000| Untracked 
| 220|0x000000008dc00000, 0x000000008dd00000, 0x000000008dd00000|100%|HS|  |TAMS 0x000000008dc00000| PB 0x000000008dc00000| Complete 
| 221|0x000000008dd00000, 0x000000008de00000, 0x000000008de00000|100%|HC|  |TAMS 0x000000008dd00000| PB 0x000000008dd00000| Complete 
| 222|0x000000008de00000, 0x000000008df00000, 0x000000008df00000|100%|HC|  |TAMS 0x000000008de00000| PB 0x000000008de00000| Complete 
| 223|0x000000008df00000, 0x000000008e000000, 0x000000008e000000|100%|HC|  |TAMS 0x000000008df00000| PB 0x000000008df00000| Complete 
| 224|0x000000008e000000, 0x000000008e100000, 0x000000008e100000|100%|HC|  |TAMS 0x000000008e000000| PB 0x000000008e000000| Complete 
| 225|0x000000008e100000, 0x000000008e200000, 0x000000008e200000|100%| O|  |TAMS 0x000000008e100000| PB 0x000000008e100000| Untracked 
| 226|0x000000008e200000, 0x000000008e300000, 0x000000008e300000|100%|HS|  |TAMS 0x000000008e200000| PB 0x000000008e200000| Complete 
| 227|0x000000008e300000, 0x000000008e400000, 0x000000008e400000|100%| O|  |TAMS 0x000000008e300000| PB 0x000000008e300000| Untracked 
| 228|0x000000008e400000, 0x000000008e500000, 0x000000008e500000|100%|HS|  |TAMS 0x000000008e400000| PB 0x000000008e400000| Complete 
| 229|0x000000008e500000, 0x000000008e600000, 0x000000008e600000|100%| O|  |TAMS 0x000000008e500000| PB 0x000000008e500000| Untracked 
| 230|0x000000008e600000, 0x000000008e700000, 0x000000008e700000|100%|HS|  |TAMS 0x000000008e600000| PB 0x000000008e600000| Complete 
| 231|0x000000008e700000, 0x000000008e800000, 0x000000008e800000|100%| O|  |TAMS 0x000000008e700000| PB 0x000000008e700000| Untracked 
| 232|0x000000008e800000, 0x000000008e900000, 0x000000008e900000|100%| O|  |TAMS 0x000000008e800000| PB 0x000000008e800000| Untracked 
| 233|0x000000008e900000, 0x000000008ea00000, 0x000000008ea00000|100%| O|  |TAMS 0x000000008e900000| PB 0x000000008e900000| Untracked 
| 234|0x000000008ea00000, 0x000000008eb00000, 0x000000008eb00000|100%| O|  |TAMS 0x000000008ea00000| PB 0x000000008ea00000| Untracked 
| 235|0x000000008eb00000, 0x000000008ec00000, 0x000000008ec00000|100%| O|  |TAMS 0x000000008eb00000| PB 0x000000008eb00000| Untracked 
| 236|0x000000008ec00000, 0x000000008ed00000, 0x000000008ed00000|100%| O|  |TAMS 0x000000008ec00000| PB 0x000000008ec00000| Untracked 
| 237|0x000000008ed00000, 0x000000008ee00000, 0x000000008ee00000|100%|HS|  |TAMS 0x000000008ed00000| PB 0x000000008ed00000| Complete 
| 238|0x000000008ee00000, 0x000000008ef00000, 0x000000008ef00000|100%|HC|  |TAMS 0x000000008ee00000| PB 0x000000008ee00000| Complete 
| 239|0x000000008ef00000, 0x000000008f000000, 0x000000008f000000|100%| O|  |TAMS 0x000000008ef00000| PB 0x000000008ef00000| Untracked 
| 240|0x000000008f000000, 0x000000008f100000, 0x000000008f100000|100%| O|  |TAMS 0x000000008f000000| PB 0x000000008f000000| Untracked 
| 241|0x000000008f100000, 0x000000008f200000, 0x000000008f200000|100%| O|  |TAMS 0x000000008f100000| PB 0x000000008f100000| Untracked 
| 242|0x000000008f200000, 0x000000008f300000, 0x000000008f300000|100%|HS|  |TAMS 0x000000008f200000| PB 0x000000008f200000| Complete 
| 243|0x000000008f300000, 0x000000008f400000, 0x000000008f400000|100%|HC|  |TAMS 0x000000008f300000| PB 0x000000008f300000| Complete 
| 244|0x000000008f400000, 0x000000008f500000, 0x000000008f500000|100%| O|  |TAMS 0x000000008f400000| PB 0x000000008f400000| Untracked 
| 245|0x000000008f500000, 0x000000008f600000, 0x000000008f600000|100%| O|  |TAMS 0x000000008f500000| PB 0x000000008f500000| Untracked 
| 246|0x000000008f600000, 0x000000008f700000, 0x000000008f700000|100%| O|  |TAMS 0x000000008f600000| PB 0x000000008f600000| Untracked 
| 247|0x000000008f700000, 0x000000008f800000, 0x000000008f800000|100%| O|  |TAMS 0x000000008f700000| PB 0x000000008f700000| Untracked 
| 248|0x000000008f800000, 0x000000008f900000, 0x000000008f900000|100%| O|  |TAMS 0x000000008f800000| PB 0x000000008f800000| Untracked 
| 249|0x000000008f900000, 0x000000008fa00000, 0x000000008fa00000|100%| O|  |TAMS 0x000000008f900000| PB 0x000000008f900000| Untracked 
| 250|0x000000008fa00000, 0x000000008fb00000, 0x000000008fb00000|100%| O|  |TAMS 0x000000008fa00000| PB 0x000000008fa00000| Untracked 
| 251|0x000000008fb00000, 0x000000008fc00000, 0x000000008fc00000|100%| O|  |TAMS 0x000000008fb00000| PB 0x000000008fb00000| Untracked 
| 252|0x000000008fc00000, 0x000000008fd00000, 0x000000008fd00000|100%| O|  |TAMS 0x000000008fc00000| PB 0x000000008fc00000| Untracked 
| 253|0x000000008fd00000, 0x000000008fde9da0, 0x000000008fe00000| 91%| O|  |TAMS 0x000000008fd00000| PB 0x000000008fd00000| Untracked 
| 254|0x000000008fe00000, 0x000000008fe00000, 0x000000008ff00000|  0%| F|  |TAMS 0x000000008fe00000| PB 0x000000008fe00000| Untracked 
| 255|0x000000008ff00000, 0x000000008ff00000, 0x0000000090000000|  0%| F|  |TAMS 0x000000008ff00000| PB 0x000000008ff00000| Untracked 
| 256|0x0000000090000000, 0x0000000090100000, 0x0000000090100000|100%|HS|  |TAMS 0x0000000090000000| PB 0x0000000090000000| Complete 
| 257|0x0000000090100000, 0x0000000090100000, 0x0000000090200000|  0%| F|  |TAMS 0x0000000090100000| PB 0x0000000090100000| Untracked 
| 258|0x0000000090200000, 0x0000000090200000, 0x0000000090300000|  0%| F|  |TAMS 0x0000000090200000| PB 0x0000000090200000| Untracked 
| 259|0x0000000090300000, 0x0000000090300000, 0x0000000090400000|  0%| F|  |TAMS 0x0000000090300000| PB 0x0000000090300000| Untracked 
| 260|0x0000000090400000, 0x0000000090400000, 0x0000000090500000|  0%| F|  |TAMS 0x0000000090400000| PB 0x0000000090400000| Untracked 
| 261|0x0000000090500000, 0x0000000090500000, 0x0000000090600000|  0%| F|  |TAMS 0x0000000090500000| PB 0x0000000090500000| Untracked 
| 262|0x0000000090600000, 0x0000000090600000, 0x0000000090700000|  0%| F|  |TAMS 0x0000000090600000| PB 0x0000000090600000| Untracked 
| 263|0x0000000090700000, 0x0000000090700000, 0x0000000090800000|  0%| F|  |TAMS 0x0000000090700000| PB 0x0000000090700000| Untracked 
| 264|0x0000000090800000, 0x0000000090800000, 0x0000000090900000|  0%| F|  |TAMS 0x0000000090800000| PB 0x0000000090800000| Untracked 
| 265|0x0000000090900000, 0x0000000090900000, 0x0000000090a00000|  0%| F|  |TAMS 0x0000000090900000| PB 0x0000000090900000| Untracked 
| 266|0x0000000090a00000, 0x0000000090a00000, 0x0000000090b00000|  0%| F|  |TAMS 0x0000000090a00000| PB 0x0000000090a00000| Untracked 
| 267|0x0000000090b00000, 0x0000000090b00000, 0x0000000090c00000|  0%| F|  |TAMS 0x0000000090b00000| PB 0x0000000090b00000| Untracked 
| 268|0x0000000090c00000, 0x0000000090c00000, 0x0000000090d00000|  0%| F|  |TAMS 0x0000000090c00000| PB 0x0000000090c00000| Untracked 
| 269|0x0000000090d00000, 0x0000000090d00000, 0x0000000090e00000|  0%| F|  |TAMS 0x0000000090d00000| PB 0x0000000090d00000| Untracked 
| 270|0x0000000090e00000, 0x0000000090e00000, 0x0000000090f00000|  0%| F|  |TAMS 0x0000000090e00000| PB 0x0000000090e00000| Untracked 
| 271|0x0000000090f00000, 0x0000000090f00000, 0x0000000091000000|  0%| F|  |TAMS 0x0000000090f00000| PB 0x0000000090f00000| Untracked 
| 272|0x0000000091000000, 0x0000000091000000, 0x0000000091100000|  0%| F|  |TAMS 0x0000000091000000| PB 0x0000000091000000| Untracked 
| 273|0x0000000091100000, 0x0000000091100000, 0x0000000091200000|  0%| F|  |TAMS 0x0000000091100000| PB 0x0000000091100000| Untracked 
| 274|0x0000000091200000, 0x0000000091200000, 0x0000000091300000|  0%| F|  |TAMS 0x0000000091200000| PB 0x0000000091200000| Untracked 
| 275|0x0000000091300000, 0x0000000091300000, 0x0000000091400000|  0%| F|  |TAMS 0x0000000091300000| PB 0x0000000091300000| Untracked 
| 276|0x0000000091400000, 0x0000000091400000, 0x0000000091500000|  0%| F|  |TAMS 0x0000000091400000| PB 0x0000000091400000| Untracked 
| 277|0x0000000091500000, 0x0000000091500000, 0x0000000091600000|  0%| F|  |TAMS 0x0000000091500000| PB 0x0000000091500000| Untracked 
| 278|0x0000000091600000, 0x0000000091600000, 0x0000000091700000|  0%| F|  |TAMS 0x0000000091600000| PB 0x0000000091600000| Untracked 
| 279|0x0000000091700000, 0x0000000091700000, 0x0000000091800000|  0%| F|  |TAMS 0x0000000091700000| PB 0x0000000091700000| Untracked 
| 280|0x0000000091800000, 0x0000000091800000, 0x0000000091900000|  0%| F|  |TAMS 0x0000000091800000| PB 0x0000000091800000| Untracked 
| 281|0x0000000091900000, 0x0000000091900000, 0x0000000091a00000|  0%| F|  |TAMS 0x0000000091900000| PB 0x0000000091900000| Untracked 
| 282|0x0000000091a00000, 0x0000000091a00000, 0x0000000091b00000|  0%| F|  |TAMS 0x0000000091a00000| PB 0x0000000091a00000| Untracked 
| 283|0x0000000091b00000, 0x0000000091b00000, 0x0000000091c00000|  0%| F|  |TAMS 0x0000000091b00000| PB 0x0000000091b00000| Untracked 
| 284|0x0000000091c00000, 0x0000000091c00000, 0x0000000091d00000|  0%| F|  |TAMS 0x0000000091c00000| PB 0x0000000091c00000| Untracked 
| 285|0x0000000091d00000, 0x0000000091d00000, 0x0000000091e00000|  0%| F|  |TAMS 0x0000000091d00000| PB 0x0000000091d00000| Untracked 
| 286|0x0000000091e00000, 0x0000000091e00000, 0x0000000091f00000|  0%| F|  |TAMS 0x0000000091e00000| PB 0x0000000091e00000| Untracked 
| 287|0x0000000091f00000, 0x0000000091f00000, 0x0000000092000000|  0%| F|  |TAMS 0x0000000091f00000| PB 0x0000000091f00000| Untracked 
| 288|0x0000000092000000, 0x0000000092000000, 0x0000000092100000|  0%| F|  |TAMS 0x0000000092000000| PB 0x0000000092000000| Untracked 
| 289|0x0000000092100000, 0x0000000092100000, 0x0000000092200000|  0%| F|  |TAMS 0x0000000092100000| PB 0x0000000092100000| Untracked 
| 290|0x0000000092200000, 0x0000000092200000, 0x0000000092300000|  0%| F|  |TAMS 0x0000000092200000| PB 0x0000000092200000| Untracked 
| 291|0x0000000092300000, 0x0000000092300000, 0x0000000092400000|  0%| F|  |TAMS 0x0000000092300000| PB 0x0000000092300000| Untracked 
| 292|0x0000000092400000, 0x0000000092400000, 0x0000000092500000|  0%| F|  |TAMS 0x0000000092400000| PB 0x0000000092400000| Untracked 
| 293|0x0000000092500000, 0x0000000092500000, 0x0000000092600000|  0%| F|  |TAMS 0x0000000092500000| PB 0x0000000092500000| Untracked 
| 294|0x0000000092600000, 0x0000000092600000, 0x0000000092700000|  0%| F|  |TAMS 0x0000000092600000| PB 0x0000000092600000| Untracked 
| 295|0x0000000092700000, 0x0000000092700000, 0x0000000092800000|  0%| F|  |TAMS 0x0000000092700000| PB 0x0000000092700000| Untracked 
| 296|0x0000000092800000, 0x0000000092800000, 0x0000000092900000|  0%| F|  |TAMS 0x0000000092800000| PB 0x0000000092800000| Untracked 
| 297|0x0000000092900000, 0x0000000092900000, 0x0000000092a00000|  0%| F|  |TAMS 0x0000000092900000| PB 0x0000000092900000| Untracked 
| 298|0x0000000092a00000, 0x0000000092a00000, 0x0000000092b00000|  0%| F|  |TAMS 0x0000000092a00000| PB 0x0000000092a00000| Untracked 
| 299|0x0000000092b00000, 0x0000000092b00000, 0x0000000092c00000|  0%| F|  |TAMS 0x0000000092b00000| PB 0x0000000092b00000| Untracked 
| 300|0x0000000092c00000, 0x0000000092c00000, 0x0000000092d00000|  0%| F|  |TAMS 0x0000000092c00000| PB 0x0000000092c00000| Untracked 
| 301|0x0000000092d00000, 0x0000000092d00000, 0x0000000092e00000|  0%| F|  |TAMS 0x0000000092d00000| PB 0x0000000092d00000| Untracked 
| 302|0x0000000092e00000, 0x0000000092e00000, 0x0000000092f00000|  0%| F|  |TAMS 0x0000000092e00000| PB 0x0000000092e00000| Untracked 
| 303|0x0000000092f00000, 0x0000000092f00000, 0x0000000093000000|  0%| F|  |TAMS 0x0000000092f00000| PB 0x0000000092f00000| Untracked 
| 304|0x0000000093000000, 0x0000000093000000, 0x0000000093100000|  0%| F|  |TAMS 0x0000000093000000| PB 0x0000000093000000| Untracked 
| 305|0x0000000093100000, 0x0000000093100000, 0x0000000093200000|  0%| F|  |TAMS 0x0000000093100000| PB 0x0000000093100000| Untracked 
| 306|0x0000000093200000, 0x0000000093200000, 0x0000000093300000|  0%| F|  |TAMS 0x0000000093200000| PB 0x0000000093200000| Untracked 
| 307|0x0000000093300000, 0x0000000093300000, 0x0000000093400000|  0%| F|  |TAMS 0x0000000093300000| PB 0x0000000093300000| Untracked 
| 308|0x0000000093400000, 0x0000000093400000, 0x0000000093500000|  0%| F|  |TAMS 0x0000000093400000| PB 0x0000000093400000| Untracked 
| 309|0x0000000093500000, 0x0000000093500000, 0x0000000093600000|  0%| F|  |TAMS 0x0000000093500000| PB 0x0000000093500000| Untracked 
| 310|0x0000000093600000, 0x0000000093600000, 0x0000000093700000|  0%| F|  |TAMS 0x0000000093600000| PB 0x0000000093600000| Untracked 
| 311|0x0000000093700000, 0x0000000093700000, 0x0000000093800000|  0%| F|  |TAMS 0x0000000093700000| PB 0x0000000093700000| Untracked 
| 312|0x0000000093800000, 0x0000000093800000, 0x0000000093900000|  0%| F|  |TAMS 0x0000000093800000| PB 0x0000000093800000| Untracked 
| 313|0x0000000093900000, 0x0000000093900000, 0x0000000093a00000|  0%| F|  |TAMS 0x0000000093900000| PB 0x0000000093900000| Untracked 
| 314|0x0000000093a00000, 0x0000000093a00000, 0x0000000093b00000|  0%| F|  |TAMS 0x0000000093a00000| PB 0x0000000093a00000| Untracked 
| 315|0x0000000093b00000, 0x0000000093b00000, 0x0000000093c00000|  0%| F|  |TAMS 0x0000000093b00000| PB 0x0000000093b00000| Untracked 
| 316|0x0000000093c00000, 0x0000000093c00000, 0x0000000093d00000|  0%| F|  |TAMS 0x0000000093c00000| PB 0x0000000093c00000| Untracked 
| 317|0x0000000093d00000, 0x0000000093d00000, 0x0000000093e00000|  0%| F|  |TAMS 0x0000000093d00000| PB 0x0000000093d00000| Untracked 
| 318|0x0000000093e00000, 0x0000000093e00000, 0x0000000093f00000|  0%| F|  |TAMS 0x0000000093e00000| PB 0x0000000093e00000| Untracked 
| 319|0x0000000093f00000, 0x0000000093f00000, 0x0000000094000000|  0%| F|  |TAMS 0x0000000093f00000| PB 0x0000000093f00000| Untracked 
| 320|0x0000000094000000, 0x0000000094000000, 0x0000000094100000|  0%| F|  |TAMS 0x0000000094000000| PB 0x0000000094000000| Untracked 
| 321|0x0000000094100000, 0x0000000094100000, 0x0000000094200000|  0%| F|  |TAMS 0x0000000094100000| PB 0x0000000094100000| Untracked 
| 322|0x0000000094200000, 0x0000000094200000, 0x0000000094300000|  0%| F|  |TAMS 0x0000000094200000| PB 0x0000000094200000| Untracked 
| 323|0x0000000094300000, 0x0000000094300000, 0x0000000094400000|  0%| F|  |TAMS 0x0000000094300000| PB 0x0000000094300000| Untracked 
| 324|0x0000000094400000, 0x0000000094400000, 0x0000000094500000|  0%| F|  |TAMS 0x0000000094400000| PB 0x0000000094400000| Untracked 
| 325|0x0000000094500000, 0x0000000094500000, 0x0000000094600000|  0%| F|  |TAMS 0x0000000094500000| PB 0x0000000094500000| Untracked 
| 326|0x0000000094600000, 0x0000000094600000, 0x0000000094700000|  0%| F|  |TAMS 0x0000000094600000| PB 0x0000000094600000| Untracked 
| 327|0x0000000094700000, 0x0000000094700000, 0x0000000094800000|  0%| F|  |TAMS 0x0000000094700000| PB 0x0000000094700000| Untracked 
| 328|0x0000000094800000, 0x0000000094800000, 0x0000000094900000|  0%| F|  |TAMS 0x0000000094800000| PB 0x0000000094800000| Untracked 
| 329|0x0000000094900000, 0x0000000094a00000, 0x0000000094a00000|100%| S|CS|TAMS 0x0000000094900000| PB 0x0000000094900000| Complete 
| 330|0x0000000094a00000, 0x0000000094b00000, 0x0000000094b00000|100%| S|CS|TAMS 0x0000000094a00000| PB 0x0000000094a00000| Complete 
| 331|0x0000000094b00000, 0x0000000094c00000, 0x0000000094c00000|100%| S|CS|TAMS 0x0000000094b00000| PB 0x0000000094b00000| Complete 
| 332|0x0000000094c00000, 0x0000000094d00000, 0x0000000094d00000|100%|HS|  |TAMS 0x0000000094c00000| PB 0x0000000094c00000| Complete 
| 333|0x0000000094d00000, 0x0000000094e00000, 0x0000000094e00000|100%|HC|  |TAMS 0x0000000094d00000| PB 0x0000000094d00000| Complete 
| 334|0x0000000094e00000, 0x0000000094f00000, 0x0000000094f00000|100%|HC|  |TAMS 0x0000000094e00000| PB 0x0000000094e00000| Complete 
| 335|0x0000000094f00000, 0x0000000095000000, 0x0000000095000000|100%|HC|  |TAMS 0x0000000094f00000| PB 0x0000000094f00000| Complete 
| 336|0x0000000095000000, 0x0000000095100000, 0x0000000095100000|100%|HC|  |TAMS 0x0000000095000000| PB 0x0000000095000000| Complete 
| 337|0x0000000095100000, 0x0000000095200000, 0x0000000095200000|100%|HC|  |TAMS 0x0000000095100000| PB 0x0000000095100000| Complete 
| 338|0x0000000095200000, 0x0000000095300000, 0x0000000095300000|100%|HC|  |TAMS 0x0000000095200000| PB 0x0000000095200000| Complete 
| 339|0x0000000095300000, 0x0000000095400000, 0x0000000095400000|100%|HC|  |TAMS 0x0000000095300000| PB 0x0000000095300000| Complete 
| 340|0x0000000095400000, 0x0000000095500000, 0x0000000095500000|100%|HC|  |TAMS 0x0000000095400000| PB 0x0000000095400000| Complete 
| 341|0x0000000095500000, 0x0000000095600000, 0x0000000095600000|100%|HC|  |TAMS 0x0000000095500000| PB 0x0000000095500000| Complete 
| 342|0x0000000095600000, 0x0000000095700000, 0x0000000095700000|100%|HC|  |TAMS 0x0000000095600000| PB 0x0000000095600000| Complete 
| 343|0x0000000095700000, 0x0000000095800000, 0x0000000095800000|100%|HC|  |TAMS 0x0000000095700000| PB 0x0000000095700000| Complete 
| 344|0x0000000095800000, 0x0000000095900000, 0x0000000095900000|100%|HC|  |TAMS 0x0000000095800000| PB 0x0000000095800000| Complete 
| 345|0x0000000095900000, 0x0000000095a00000, 0x0000000095a00000|100%|HC|  |TAMS 0x0000000095900000| PB 0x0000000095900000| Complete 
| 346|0x0000000095a00000, 0x0000000095b00000, 0x0000000095b00000|100%|HC|  |TAMS 0x0000000095a00000| PB 0x0000000095a00000| Complete 
| 347|0x0000000095b00000, 0x0000000095c00000, 0x0000000095c00000|100%|HC|  |TAMS 0x0000000095b00000| PB 0x0000000095b00000| Complete 
| 348|0x0000000095c00000, 0x0000000095d00000, 0x0000000095d00000|100%|HC|  |TAMS 0x0000000095c00000| PB 0x0000000095c00000| Complete 
| 349|0x0000000095d00000, 0x0000000095e00000, 0x0000000095e00000|100%|HC|  |TAMS 0x0000000095d00000| PB 0x0000000095d00000| Complete 
| 350|0x0000000095e00000, 0x0000000095f00000, 0x0000000095f00000|100%|HC|  |TAMS 0x0000000095e00000| PB 0x0000000095e00000| Complete 
| 351|0x0000000095f00000, 0x0000000096000000, 0x0000000096000000|100%|HC|  |TAMS 0x0000000095f00000| PB 0x0000000095f00000| Complete 
| 352|0x0000000096000000, 0x0000000096100000, 0x0000000096100000|100%|HC|  |TAMS 0x0000000096000000| PB 0x0000000096000000| Complete 
| 353|0x0000000096100000, 0x0000000096200000, 0x0000000096200000|100%|HC|  |TAMS 0x0000000096100000| PB 0x0000000096100000| Complete 
| 354|0x0000000096200000, 0x0000000096300000, 0x0000000096300000|100%|HC|  |TAMS 0x0000000096200000| PB 0x0000000096200000| Complete 
| 355|0x0000000096300000, 0x0000000096400000, 0x0000000096400000|100%|HC|  |TAMS 0x0000000096300000| PB 0x0000000096300000| Complete 
| 356|0x0000000096400000, 0x0000000096500000, 0x0000000096500000|100%|HC|  |TAMS 0x0000000096400000| PB 0x0000000096400000| Complete 
| 357|0x0000000096500000, 0x0000000096600000, 0x0000000096600000|100%|HC|  |TAMS 0x0000000096500000| PB 0x0000000096500000| Complete 
| 358|0x0000000096600000, 0x0000000096700000, 0x0000000096700000|100%|HC|  |TAMS 0x0000000096600000| PB 0x0000000096600000| Complete 
| 359|0x0000000096700000, 0x0000000096800000, 0x0000000096800000|100%|HC|  |TAMS 0x0000000096700000| PB 0x0000000096700000| Complete 
| 360|0x0000000096800000, 0x0000000096900000, 0x0000000096900000|100%|HC|  |TAMS 0x0000000096800000| PB 0x0000000096800000| Complete 
| 361|0x0000000096900000, 0x0000000096a00000, 0x0000000096a00000|100%|HC|  |TAMS 0x0000000096900000| PB 0x0000000096900000| Complete 
| 362|0x0000000096a00000, 0x0000000096a00000, 0x0000000096b00000|  0%| F|  |TAMS 0x0000000096a00000| PB 0x0000000096a00000| Untracked 
| 363|0x0000000096b00000, 0x0000000096b00000, 0x0000000096c00000|  0%| F|  |TAMS 0x0000000096b00000| PB 0x0000000096b00000| Untracked 
| 364|0x0000000096c00000, 0x0000000096c00000, 0x0000000096d00000|  0%| F|  |TAMS 0x0000000096c00000| PB 0x0000000096c00000| Untracked 
| 365|0x0000000096d00000, 0x0000000096d00000, 0x0000000096e00000|  0%| F|  |TAMS 0x0000000096d00000| PB 0x0000000096d00000| Untracked 
| 366|0x0000000096e00000, 0x0000000096e00000, 0x0000000096f00000|  0%| F|  |TAMS 0x0000000096e00000| PB 0x0000000096e00000| Untracked 
| 367|0x0000000096f00000, 0x0000000097000000, 0x0000000097000000|100%|HS|  |TAMS 0x0000000096f00000| PB 0x0000000096f00000| Complete 
| 368|0x0000000097000000, 0x0000000097100000, 0x0000000097100000|100%|HC|  |TAMS 0x0000000097000000| PB 0x0000000097000000| Complete 
| 369|0x0000000097100000, 0x0000000097200000, 0x0000000097200000|100%|HC|  |TAMS 0x0000000097100000| PB 0x0000000097100000| Complete 
| 370|0x0000000097200000, 0x0000000097300000, 0x0000000097300000|100%|HC|  |TAMS 0x0000000097200000| PB 0x0000000097200000| Complete 
| 371|0x0000000097300000, 0x0000000097300000, 0x0000000097400000|  0%| F|  |TAMS 0x0000000097300000| PB 0x0000000097300000| Untracked 
| 372|0x0000000097400000, 0x0000000097400000, 0x0000000097500000|  0%| F|  |TAMS 0x0000000097400000| PB 0x0000000097400000| Untracked 
| 373|0x0000000097500000, 0x0000000097500000, 0x0000000097600000|  0%| F|  |TAMS 0x0000000097500000| PB 0x0000000097500000| Untracked 
| 374|0x0000000097600000, 0x0000000097600000, 0x0000000097700000|  0%| F|  |TAMS 0x0000000097600000| PB 0x0000000097600000| Untracked 
| 375|0x0000000097700000, 0x0000000097700000, 0x0000000097800000|  0%| F|  |TAMS 0x0000000097700000| PB 0x0000000097700000| Untracked 
| 376|0x0000000097800000, 0x0000000097800000, 0x0000000097900000|  0%| F|  |TAMS 0x0000000097800000| PB 0x0000000097800000| Untracked 
| 377|0x0000000097900000, 0x0000000097900000, 0x0000000097a00000|  0%| F|  |TAMS 0x0000000097900000| PB 0x0000000097900000| Untracked 
| 378|0x0000000097a00000, 0x0000000097a00000, 0x0000000097b00000|  0%| F|  |TAMS 0x0000000097a00000| PB 0x0000000097a00000| Untracked 
| 379|0x0000000097b00000, 0x0000000097b00000, 0x0000000097c00000|  0%| F|  |TAMS 0x0000000097b00000| PB 0x0000000097b00000| Untracked 
| 380|0x0000000097c00000, 0x0000000097c00000, 0x0000000097d00000|  0%| F|  |TAMS 0x0000000097c00000| PB 0x0000000097c00000| Untracked 
| 381|0x0000000097d00000, 0x0000000097d00000, 0x0000000097e00000|  0%| F|  |TAMS 0x0000000097d00000| PB 0x0000000097d00000| Untracked 
| 382|0x0000000097e00000, 0x0000000097e00000, 0x0000000097f00000|  0%| F|  |TAMS 0x0000000097e00000| PB 0x0000000097e00000| Untracked 
|2032|0x00000000ff000000, 0x00000000ff100000, 0x00000000ff100000|100%| O|  |TAMS 0x00000000ff000000| PB 0x00000000ff000000| Untracked 
|2033|0x00000000ff100000, 0x00000000ff200000, 0x00000000ff200000|100%| O|  |TAMS 0x00000000ff100000| PB 0x00000000ff100000| Untracked 
|2034|0x00000000ff200000, 0x00000000ff300000, 0x00000000ff300000|100%| O|  |TAMS 0x00000000ff200000| PB 0x00000000ff200000| Untracked 
|2035|0x00000000ff300000, 0x00000000ff400000, 0x00000000ff400000|100%| O|  |TAMS 0x00000000ff300000| PB 0x00000000ff300000| Untracked 
|2036|0x00000000ff400000, 0x00000000ff500000, 0x00000000ff500000|100%| O|  |TAMS 0x00000000ff400000| PB 0x00000000ff400000| Untracked 
|2037|0x00000000ff500000, 0x00000000ff600000, 0x00000000ff600000|100%| O|  |TAMS 0x00000000ff500000| PB 0x00000000ff500000| Untracked 
|2038|0x00000000ff600000, 0x00000000ff700000, 0x00000000ff700000|100%| O|  |TAMS 0x00000000ff600000| PB 0x00000000ff600000| Untracked 
|2039|0x00000000ff700000, 0x00000000ff800000, 0x00000000ff800000|100%| O|  |TAMS 0x00000000ff700000| PB 0x00000000ff700000| Untracked 
|2040|0x00000000ff800000, 0x00000000ff900000, 0x00000000ff900000|100%| O|  |TAMS 0x00000000ff800000| PB 0x00000000ff800000| Untracked 
|2041|0x00000000ff900000, 0x00000000ffa00000, 0x00000000ffa00000|100%| O|  |TAMS 0x00000000ff900000| PB 0x00000000ff900000| Untracked 
|2042|0x00000000ffa00000, 0x00000000ffa00000, 0x00000000ffb00000|  0%| F|  |TAMS 0x00000000ffa00000| PB 0x00000000ffa00000| Untracked 
|2043|0x00000000ffb00000, 0x00000000ffb00000, 0x00000000ffc00000|  0%| F|  |TAMS 0x00000000ffb00000| PB 0x00000000ffb00000| Untracked 
|2044|0x00000000ffc00000, 0x00000000ffd00000, 0x00000000ffd00000|100%| O|  |TAMS 0x00000000ffc00000| PB 0x00000000ffc00000| Untracked 
|2045|0x00000000ffd00000, 0x00000000ffe00000, 0x00000000ffe00000|100%| O|  |TAMS 0x00000000ffd00000| PB 0x00000000ffd00000| Untracked 
|2046|0x00000000ffe00000, 0x00000000fff00000, 0x00000000fff00000|100%| O|  |TAMS 0x00000000ffe00000| PB 0x00000000ffe00000| Untracked 
|2047|0x00000000fff00000, 0x0000000100000000, 0x0000000100000000|100%| O|  |TAMS 0x00000000fff00000| PB 0x00000000fff00000| Untracked 

Card table byte_map: [0x000001f4f1de0000,0x000001f4f21e0000] _byte_map_base: 0x000001f4f19e0000

Marking Bits: (CMBitMap*) 0x000001f4d9dee630
 Bits: [0x000001f4f21e0000, 0x000001f4f41e0000)

Polling page: 0x000001f4d9550000

Metaspace:

Usage:
  Non-class:     94.84 MB used.
      Class:     14.98 MB used.
       Both:    109.82 MB used.

Virtual space:
  Non-class space:      128.00 MB reserved,      96.00 MB ( 75%) committed,  2 nodes.
      Class space:        1.00 GB reserved,      16.12 MB (  2%) committed,  1 nodes.
             Both:        1.12 GB reserved,     112.12 MB ( 10%) committed. 

Chunk freelists:
   Non-Class:  15.56 MB
       Class:  15.69 MB
        Both:  31.25 MB

MaxMetaspaceSize: unlimited
CompressedClassSpaceSize: 1.00 GB
Initial GC threshold: 21.00 MB
Current GC threshold: 181.19 MB
CDS: on
 - commit_granule_bytes: 65536.
 - commit_granule_words: 8192.
 - virtual_space_node_default_size: 8388608.
 - enlarge_chunks_in_place: 1.
 - use_allocation_guard: 0.


Internal statistics:

num_allocs_failed_limit: 6.
num_arena_births: 4416.
num_arena_deaths: 0.
num_vsnodes_births: 3.
num_vsnodes_deaths: 0.
num_space_committed: 1793.
num_space_uncommitted: 0.
num_chunks_returned_to_freelist: 6.
num_chunks_taken_from_freelist: 9609.
num_chunk_merges: 6.
num_chunk_splits: 6265.
num_chunks_enlarged: 3913.
num_inconsistent_stats: 0.

CodeHeap 'non-profiled nmethods': size=120000Kb used=8583Kb max_used=8741Kb free=111416Kb
 bounds [0x000001f4e9f50000, 0x000001f4ea7f0000, 0x000001f4f1480000]
CodeHeap 'profiled nmethods': size=120000Kb used=24093Kb max_used=24093Kb free=95907Kb
 bounds [0x000001f4e2480000, 0x000001f4e3c40000, 0x000001f4e99b0000]
CodeHeap 'non-nmethods': size=5760Kb used=2212Kb max_used=2292Kb free=3547Kb
 bounds [0x000001f4e99b0000, 0x000001f4e9c20000, 0x000001f4e9f50000]
 total_blobs=13879 nmethods=12962 adapters=821
 compilation: enabled
              stopped_count=0, restarted_count=0
 full_count=0

Compilation events (20 events):
Event: 170.590 Thread 0x000001f4f6e78010 15600       2       com.android.tools.r8.internal.a21::a (71 bytes)
Event: 170.624 Thread 0x000001f4f6e78010 nmethod 15600 0x000001f4e2fd6110 code [0x000001f4e2fd6360, 0x000001f4e2fd68a8]
Event: 171.258 Thread 0x000001f4f6e6caf0 nmethod 15555% 0x000001f4ea7d9610 code [0x000001f4ea7da0e0, 0x000001f4ea7e52b0]
Event: 171.259 Thread 0x000001f4f6e6caf0 15589       4       com.android.tools.r8.graph.i6::a (262 bytes)
Event: 171.262 Thread 0x000001f4f6e6caf0 nmethod 15589 0x000001f4ea14ec90 code [0x000001f4ea14ee60, 0x000001f4ea14f308]
Event: 171.262 Thread 0x000001f4f6e6caf0 15579       4       com.android.tools.r8.internal.l80::D (90 bytes)
Event: 171.266 Thread 0x000001f4f6e6caf0 nmethod 15579 0x000001f4ea14e510 code [0x000001f4ea14e6c0, 0x000001f4ea14ea60]
Event: 171.266 Thread 0x000001f4f6e6caf0 15572       4       com.android.tools.r8.internal.vo1::a (288 bytes)
Event: 171.728 Thread 0x000001f4f6e6caf0 nmethod 15572 0x000001f4ea631410 code [0x000001f4ea6316a0, 0x000001f4ea633040]
Event: 171.729 Thread 0x000001f4f6e6caf0 15604       4       com.android.tools.r8.dex.c0::j (52 bytes)
Event: 171.736 Thread 0x000001f4f6e6caf0 nmethod 15604 0x000001f4ea678d10 code [0x000001f4ea678f00, 0x000001f4ea679608]
Event: 171.736 Thread 0x000001f4f6e6caf0 15603       4       java.lang.Long::parseLong (272 bytes)
Event: 171.750 Thread 0x000001f4f6e78010 15608       2       com.android.tools.r8.internal.vf1::d (191 bytes)
Event: 171.751 Thread 0x000001f4f6e78010 nmethod 15608 0x000001f4e3015310 code [0x000001f4e3015500, 0x000001f4e3015cf0]
Event: 171.757 Thread 0x000001f4f6e6caf0 nmethod 15603 0x000001f4ea697210 code [0x000001f4ea697400, 0x000001f4ea697950]
Event: 171.757 Thread 0x000001f4f6e6caf0 15557       4       com.android.tools.r8.internal.z12::b (81 bytes)
Event: 171.759 Thread 0x000001f4f6e6caf0 nmethod 15557 0x000001f4ea678690 code [0x000001f4ea678840, 0x000001f4ea678a90]
Event: 171.759 Thread 0x000001f4f6e6caf0 15601       4       com.android.tools.r8.internal.e42::a (292 bytes)
Event: 171.779 Thread 0x000001f4f6e6caf0 nmethod 15601 0x000001f4ea2a0790 code [0x000001f4ea2a09e0, 0x000001f4ea2a1f10]
Event: 171.779 Thread 0x000001f4f6e6caf0 15606 % !   4       com.android.tools.r8.dex.a::b @ 2440 (3650 bytes)

GC Heap History (20 events):
Event: 112.298 GC heap after
{Heap after GC invocations=48 (full 0):
 garbage-first heap   total 178176K, used 117057K [0x0000000080000000, 0x0000000100000000)
  region size 1024K, 5 young (5120K), 5 survivors (5120K)
 Metaspace       used 104131K, committed 106432K, reserved 1179648K
  class space    used 14228K, committed 15424K, reserved 1048576K
}
Event: 114.745 GC heap before
{Heap before GC invocations=49 (full 0):
 garbage-first heap   total 196608K, used 160065K [0x0000000080000000, 0x0000000100000000)
  region size 1024K, 48 young (49152K), 5 survivors (5120K)
 Metaspace       used 104357K, committed 106688K, reserved 1179648K
  class space    used 14259K, committed 15424K, reserved 1048576K
}
Event: 114.751 GC heap after
{Heap after GC invocations=50 (full 0):
 garbage-first heap   total 196608K, used 119383K [0x0000000080000000, 0x0000000100000000)
  region size 1024K, 5 young (5120K), 5 survivors (5120K)
 Metaspace       used 104357K, committed 106688K, reserved 1179648K
  class space    used 14259K, committed 15424K, reserved 1048576K
}
Event: 115.882 GC heap before
{Heap before GC invocations=50 (full 0):
 garbage-first heap   total 196608K, used 177751K [0x0000000080000000, 0x0000000100000000)
  region size 1024K, 63 young (64512K), 5 survivors (5120K)
 Metaspace       used 104455K, committed 106752K, reserved 1179648K
  class space    used 14269K, committed 15424K, reserved 1048576K
}
Event: 115.914 GC heap after
{Heap after GC invocations=51 (full 0):
 garbage-first heap   total 196608K, used 120997K [0x0000000080000000, 0x0000000100000000)
  region size 1024K, 5 young (5120K), 5 survivors (5120K)
 Metaspace       used 104455K, committed 106752K, reserved 1179648K
  class space    used 14269K, committed 15424K, reserved 1048576K
}
Event: 120.565 GC heap before
{Heap before GC invocations=51 (full 0):
 garbage-first heap   total 196608K, used 178341K [0x0000000080000000, 0x0000000100000000)
  region size 1024K, 62 young (63488K), 5 survivors (5120K)
 Metaspace       used 104864K, committed 107200K, reserved 1179648K
  class space    used 14317K, committed 15488K, reserved 1048576K
}
Event: 120.602 GC heap after
{Heap after GC invocations=52 (full 0):
 garbage-first heap   total 196608K, used 124113K [0x0000000080000000, 0x0000000100000000)
  region size 1024K, 6 young (6144K), 6 survivors (6144K)
 Metaspace       used 104864K, committed 107200K, reserved 1179648K
  class space    used 14317K, committed 15488K, reserved 1048576K
}
Event: 129.980 GC heap before
{Heap before GC invocations=53 (full 0):
 garbage-first heap   total 208896K, used 177361K [0x0000000080000000, 0x0000000100000000)
  region size 1024K, 59 young (60416K), 6 survivors (6144K)
 Metaspace       used 108069K, committed 110400K, reserved 1179648K
  class space    used 14732K, committed 15936K, reserved 1048576K
}
Event: 130.171 GC heap after
{Heap after GC invocations=54 (full 0):
 garbage-first heap   total 250880K, used 128270K [0x0000000080000000, 0x0000000100000000)
  region size 1024K, 7 young (7168K), 7 survivors (7168K)
 Metaspace       used 108069K, committed 110400K, reserved 1179648K
  class space    used 14732K, committed 15936K, reserved 1048576K
}
Event: 136.274 GC heap before
{Heap before GC invocations=54 (full 0):
 garbage-first heap   total 250880K, used 225550K [0x0000000080000000, 0x0000000100000000)
  region size 1024K, 103 young (105472K), 7 survivors (7168K)
 Metaspace       used 108515K, committed 110912K, reserved 1179648K
  class space    used 14798K, committed 16000K, reserved 1048576K
}
Event: 136.538 GC heap after
{Heap after GC invocations=55 (full 0):
 garbage-first heap   total 250880K, used 129402K [0x0000000080000000, 0x0000000100000000)
  region size 1024K, 9 young (9216K), 9 survivors (9216K)
 Metaspace       used 108515K, committed 110912K, reserved 1179648K
  class space    used 14798K, committed 16000K, reserved 1048576K
}
Event: 144.487 GC heap before
{Heap before GC invocations=55 (full 0):
 garbage-first heap   total 250880K, used 161146K [0x0000000080000000, 0x0000000100000000)
  region size 1024K, 42 young (43008K), 9 survivors (9216K)
 Metaspace       used 108891K, committed 111296K, reserved 1179648K
  class space    used 14842K, committed 16064K, reserved 1048576K
}
Event: 144.788 GC heap after
{Heap after GC invocations=56 (full 0):
 garbage-first heap   total 250880K, used 133085K [0x0000000080000000, 0x0000000100000000)
  region size 1024K, 9 young (9216K), 9 survivors (9216K)
 Metaspace       used 108891K, committed 111296K, reserved 1179648K
  class space    used 14842K, committed 16064K, reserved 1048576K
}
Event: 168.657 GC heap before
{Heap before GC invocations=57 (full 0):
 garbage-first heap   total 388096K, used 386013K [0x0000000080000000, 0x0000000100000000)
  region size 1024K, 62 young (63488K), 9 survivors (9216K)
 Metaspace       used 112118K, committed 114560K, reserved 1179648K
  class space    used 15300K, committed 16512K, reserved 1048576K
}
Event: 168.958 GC heap after
{Heap after GC invocations=58 (full 0):
 garbage-first heap   total 408576K, used 268232K [0x0000000080000000, 0x0000000100000000)
  region size 1024K, 12 young (12288K), 12 survivors (12288K)
 Metaspace       used 112118K, committed 114560K, reserved 1179648K
  class space    used 15300K, committed 16512K, reserved 1048576K
}
Event: 170.625 GC heap before
{Heap before GC invocations=58 (full 0):
 garbage-first heap   total 408576K, used 346056K [0x0000000080000000, 0x0000000100000000)
  region size 1024K, 63 young (64512K), 12 survivors (12288K)
 Metaspace       used 112456K, committed 114816K, reserved 1179648K
  class space    used 15342K, committed 16512K, reserved 1048576K
}
Event: 171.150 GC heap after
{Heap after GC invocations=59 (full 0):
 garbage-first heap   total 408576K, used 299540K [0x0000000080000000, 0x0000000100000000)
  region size 1024K, 8 young (8192K), 8 survivors (8192K)
 Metaspace       used 112456K, committed 114816K, reserved 1179648K
  class space    used 15342K, committed 16512K, reserved 1048576K
}
Event: 171.296 GC heap before
{Heap before GC invocations=59 (full 0):
 garbage-first heap   total 408576K, used 309780K [0x0000000080000000, 0x0000000100000000)
  region size 1024K, 19 young (19456K), 8 survivors (8192K)
 Metaspace       used 112456K, committed 114816K, reserved 1179648K
  class space    used 15342K, committed 16512K, reserved 1048576K
}
Event: 171.698 GC heap after
{Heap after GC invocations=60 (full 0):
 garbage-first heap   total 408576K, used 304128K [0x0000000080000000, 0x0000000100000000)
  region size 1024K, 3 young (3072K), 3 survivors (3072K)
 Metaspace       used 112456K, committed 114816K, reserved 1179648K
  class space    used 15342K, committed 16512K, reserved 1048576K
}
Event: 171.802 GC heap before
{Heap before GC invocations=60 (full 0):
 garbage-first heap   total 408576K, used 321536K [0x0000000080000000, 0x0000000100000000)
  region size 1024K, 19 young (19456K), 3 survivors (3072K)
 Metaspace       used 112456K, committed 114816K, reserved 1179648K
  class space    used 15342K, committed 16512K, reserved 1048576K
}

Dll operation events (16 events):
Event: 0.038 Loaded shared library C:\Program Files\Eclipse Adoptium\jdk-21.0.7.6-hotspot\bin\java.dll
Event: 0.261 Loaded shared library C:\Program Files\Eclipse Adoptium\jdk-21.0.7.6-hotspot\bin\jsvml.dll
Event: 0.292 Loaded shared library C:\Program Files\Eclipse Adoptium\jdk-21.0.7.6-hotspot\bin\zip.dll
Event: 0.299 Loaded shared library C:\Program Files\Eclipse Adoptium\jdk-21.0.7.6-hotspot\bin\instrument.dll
Event: 0.309 Loaded shared library C:\Program Files\Eclipse Adoptium\jdk-21.0.7.6-hotspot\bin\net.dll
Event: 0.336 Loaded shared library C:\Program Files\Eclipse Adoptium\jdk-21.0.7.6-hotspot\bin\nio.dll
Event: 0.340 Loaded shared library C:\Program Files\Eclipse Adoptium\jdk-21.0.7.6-hotspot\bin\zip.dll
Event: 0.727 Loaded shared library C:\Program Files\Eclipse Adoptium\jdk-21.0.7.6-hotspot\bin\jimage.dll
Event: 1.152 Loaded shared library C:\Program Files\Eclipse Adoptium\jdk-21.0.7.6-hotspot\bin\verify.dll
Event: 1.317 Loaded shared library C:\Users\Aaron\.gradle\native\1def1411415f61bf3af743bc5b6707747c0891f09f0c88961ee8f79bc544acac\windows-amd64\native-platform.dll
Event: 1.333 Loaded shared library C:\Users\Aaron\.gradle\native\0.2.7\x86_64-windows-gnu\gradle-fileevents.dll
Event: 4.671 Loaded shared library C:\Program Files\Eclipse Adoptium\jdk-21.0.7.6-hotspot\bin\management.dll
Event: 4.760 Loaded shared library C:\Program Files\Eclipse Adoptium\jdk-21.0.7.6-hotspot\bin\management_ext.dll
Event: 5.304 Loaded shared library C:\Program Files\Eclipse Adoptium\jdk-21.0.7.6-hotspot\bin\extnet.dll
Event: 6.606 Loaded shared library C:\Program Files\Eclipse Adoptium\jdk-21.0.7.6-hotspot\bin\sunmscapi.dll
Event: 132.332 Loaded shared library C:\Program Files\Eclipse Adoptium\jdk-21.0.7.6-hotspot\bin\rmi.dll

Deoptimization events (20 events):
Event: 171.758 Thread 0x000001f4c2be9f50 DEOPT PACKING pc=0x000001f4e30c6264 sp=0x00000017afcfd610
Event: 171.758 Thread 0x000001f4c2be9f50 DEOPT UNPACKING pc=0x000001f4e9a04e42 sp=0x00000017afcfcb10 mode 0
Event: 171.766 Thread 0x000001f4c2be9f50 DEOPT PACKING pc=0x000001f4e30c6264 sp=0x00000017afcfd610
Event: 171.766 Thread 0x000001f4c2be9f50 DEOPT UNPACKING pc=0x000001f4e9a04e42 sp=0x00000017afcfcb10 mode 0
Event: 171.769 Thread 0x000001f4c2be9f50 DEOPT PACKING pc=0x000001f4e30c6264 sp=0x00000017afcfd610
Event: 171.769 Thread 0x000001f4c2be9f50 DEOPT UNPACKING pc=0x000001f4e9a04e42 sp=0x00000017afcfcb10 mode 0
Event: 171.783 Thread 0x000001f4c2be9f50 DEOPT PACKING pc=0x000001f4e30c6264 sp=0x00000017afcfd610
Event: 171.784 Thread 0x000001f4c2be9f50 DEOPT UNPACKING pc=0x000001f4e9a04e42 sp=0x00000017afcfcb10 mode 0
Event: 171.785 Thread 0x000001f4c2be9f50 DEOPT PACKING pc=0x000001f4e30c6264 sp=0x00000017afcfd610
Event: 171.785 Thread 0x000001f4c2be9f50 DEOPT UNPACKING pc=0x000001f4e9a04e42 sp=0x00000017afcfcb10 mode 0
Event: 171.786 Thread 0x000001f4c2be9f50 DEOPT PACKING pc=0x000001f4e30c6264 sp=0x00000017afcfd610
Event: 171.786 Thread 0x000001f4c2be9f50 DEOPT UNPACKING pc=0x000001f4e9a04e42 sp=0x00000017afcfcb10 mode 0
Event: 171.796 Thread 0x000001f4c2be9f50 DEOPT PACKING pc=0x000001f4e30c6264 sp=0x00000017afcfd610
Event: 171.796 Thread 0x000001f4c2be9f50 DEOPT UNPACKING pc=0x000001f4e9a04e42 sp=0x00000017afcfcb10 mode 0
Event: 171.797 Thread 0x000001f4c2be9f50 DEOPT PACKING pc=0x000001f4e30c6264 sp=0x00000017afcfd610
Event: 171.797 Thread 0x000001f4c2be9f50 DEOPT UNPACKING pc=0x000001f4e9a04e42 sp=0x00000017afcfcb10 mode 0
Event: 171.798 Thread 0x000001f4c2be9f50 DEOPT PACKING pc=0x000001f4e30c6264 sp=0x00000017afcfd610
Event: 171.798 Thread 0x000001f4c2be9f50 DEOPT UNPACKING pc=0x000001f4e9a04e42 sp=0x00000017afcfcb10 mode 0
Event: 171.801 Thread 0x000001f4c2be9f50 DEOPT PACKING pc=0x000001f4e30c6264 sp=0x00000017afcfd610
Event: 171.801 Thread 0x000001f4c2be9f50 DEOPT UNPACKING pc=0x000001f4e9a04e42 sp=0x00000017afcfcb10 mode 0

Classes loaded (20 events):
Event: 132.768 Loading class sun/rmi/server/WeakClassHashMap$ValueCell
Event: 132.768 Loading class sun/rmi/server/WeakClassHashMap$ValueCell done
Event: 132.768 Loading class java/rmi/server/RemoteObjectInvocationHandler$MethodToHash_Maps$1
Event: 132.771 Loading class java/rmi/server/RemoteObjectInvocationHandler$MethodToHash_Maps$1 done
Event: 132.771 Loading class java/security/DigestOutputStream
Event: 132.773 Loading class java/security/DigestOutputStream done
Event: 138.929 Loading class java/nio/file/FileTreeIterator
Event: 138.947 Loading class java/nio/file/FileTreeIterator done
Event: 144.348 Loading class sun/nio/fs/Globs
Event: 144.364 Loading class sun/nio/fs/Globs done
Event: 144.369 Loading class java/util/regex/Pattern$SliceU
Event: 144.373 Loading class java/util/regex/Pattern$SliceU done
Event: 144.374 Loading class sun/nio/fs/WindowsFileSystem$2
Event: 144.379 Loading class sun/nio/fs/WindowsFileSystem$2 done
Event: 155.054 Loading class java/util/zip/ZipInputStream
Event: 155.138 Loading class java/util/zip/ZipInputStream done
Event: 160.806 Loading class java/io/UTFDataFormatException
Event: 160.857 Loading class java/io/UTFDataFormatException done
Event: 164.556 Loading class java/nio/BufferUnderflowException
Event: 164.559 Loading class java/nio/BufferUnderflowException done

Classes unloaded (0 events):
No events

Classes redefined (0 events):
No events

Internal exceptions (20 events):
Event: 114.874 Thread 0x000001f4c24576e0 Exception <a 'java/lang/NoSuchMethodError'{0x0000000089eb2798}: static Ljava/lang/Object;.<clinit>()V> (0x0000000089eb2798) 
thrown [s\src\hotspot\share\prims\jni.cpp, line 1111]
Event: 114.876 Thread 0x000001f4c24576e0 Exception <a 'java/lang/NoSuchMethodError'{0x0000000089ecc620}: static Lcom/android/build/api/artifact/ArtifactKind;.<clinit>()V> (0x0000000089ecc620) 
thrown [s\src\hotspot\share\prims\jni.cpp, line 1111]
Event: 114.876 Thread 0x000001f4c24576e0 Exception <a 'java/lang/NoSuchMethodError'{0x0000000089ecd828}: static Lcom/android/build/api/artifact/ArtifactKind;.<clinit>()V> (0x0000000089ecd828) 
thrown [s\src\hotspot\share\prims\jni.cpp, line 1111]
Event: 117.746 Thread 0x000001f4c24576e0 Exception <a 'java/lang/NoSuchMethodError'{0x000000008a4ddd48}: 'int java.lang.invoke.DirectMethodHandle$Holder.invokeSpecial(java.lang.Object, java.lang.Object, java.lang.Object, java.lang.Object, java.lang.Object)'> (0x000000008a4ddd48) 
thrown [s\src\hotspot\share\interpreter\linkResolver.cpp, line 773]
Event: 120.344 Thread 0x000001f4c24576e0 Exception <a 'java/lang/NoSuchMethodError'{0x0000000088881908}: static Ljava/lang/Object;.<clinit>()V> (0x0000000088881908) 
thrown [s\src\hotspot\share\prims\jni.cpp, line 1111]
Event: 126.125 Thread 0x000001f4c24576e0 Exception <a 'java/lang/NoSuchMethodError'{0x000000008a960f08}: method resolution failed> (0x000000008a960f08) 
thrown [s\src\hotspot\share\prims\methodHandles.cpp, line 1144]
Event: 128.295 Thread 0x000001f4c24576e0 Exception <a 'java/lang/NoSuchMethodError'{0x0000000089934258}: static [Ljava/lang/String;.<clinit>()V> (0x0000000089934258) 
thrown [s\src\hotspot\share\prims\jni.cpp, line 1111]
Event: 129.123 Thread 0x000001f4c2bf0850 Exception <a 'java/lang/NoSuchMethodError'{0x0000000089458088}: 'long java.lang.invoke.DirectMethodHandle$Holder.invokeStatic(java.lang.Object)'> (0x0000000089458088) 
thrown [s\src\hotspot\share\interpreter\linkResolver.cpp, line 773]
Event: 129.124 Thread 0x000001f4c2bf0850 Exception <a 'java/lang/NoSuchMethodError'{0x000000008945b2c8}: 'long java.lang.invoke.DirectMethodHandle$Holder.invokeStaticInit(java.lang.Object)'> (0x000000008945b2c8) 
thrown [s\src\hotspot\share\interpreter\linkResolver.cpp, line 773]
Event: 129.559 Thread 0x000001f4c2457d70 Exception <a 'sun/nio/fs/WindowsException'{0x00000000893a38d0}> (0x00000000893a38d0) 
thrown [s\src\hotspot\share\prims\jni.cpp, line 520]
Event: 131.954 Thread 0x000001f4c2bf0850 Exception <a 'java/lang/NoSuchMethodError'{0x000000008c3294b0}: static Lorg/jetbrains/kotlin/daemon/common/LoopbackNetworkInterface$AbstractClientLoopbackSocketFactory;.<clinit>()V> (0x000000008c3294b0) 
thrown [s\src\hotspot\share\prims\jni.cpp, line 1111]
Event: 131.962 Thread 0x000001f4c2bf0850 Exception <a 'java/lang/NoSuchMethodError'{0x000000008c280810}: static Lorg/jetbrains/kotlin/daemon/common/LoopbackNetworkInterface$ClientLoopbackSocketFactory;.<clinit>()V> (0x000000008c280810) 
thrown [s\src\hotspot\share\prims\jni.cpp, line 1111]
Event: 132.483 Thread 0x000001f4c2bf0850 Exception <a 'java/lang/NoSuchMethodError'{0x000000008b5254e0}: static [Ljava/rmi/server/ObjID;.<clinit>()V> (0x000000008b5254e0) 
thrown [s\src\hotspot\share\prims\jni.cpp, line 1111]
Event: 132.496 Thread 0x000001f4c2bf0850 Exception <a 'java/lang/NoSuchMethodError'{0x000000008b55b768}: static [B.<clinit>()V> (0x000000008b55b768) 
thrown [s\src\hotspot\share\prims\jni.cpp, line 1111]
Event: 132.689 Thread 0x000001f4c2be9230 Exception <a 'java/lang/NoSuchMethodError'{0x000000008bbeb638}: 'java.lang.Object java.lang.invoke.DirectMethodHandle$Holder.invokeSpecial(java.lang.Object, java.lang.Object, int, java.lang.Object, long)'> (0x000000008bbeb638) 
thrown [s\src\hotspot\share\interpreter\linkResolver.cpp, line 773]
Event: 132.694 Thread 0x000001f4c2be9230 Exception <a 'java/lang/NoSuchMethodError'{0x000000008bbf2050}: 'java.lang.Object java.lang.invoke.DirectMethodHandle$Holder.newInvokeSpecial(java.lang.Object, java.lang.Object, int, java.lang.Object, long)'> (0x000000008bbf2050) 
thrown [s\src\hotspot\share\interpreter\linkResolver.cpp, line 773]
Event: 143.058 Thread 0x000001f4c245a4d0 Exception <a 'java/lang/NoSuchMethodError'{0x000000008d141268}: static Ljava/lang/Object;.<clinit>()V> (0x000000008d141268) 
thrown [s\src\hotspot\share\prims\jni.cpp, line 1111]
Event: 164.898 Thread 0x000001f4c2be9f50 Exception <a 'java/lang/NoSuchMethodError'{0x00000000917e7de0}: 'java.lang.Object java.lang.invoke.DirectMethodHandle$Holder.invokeStaticInit(java.lang.Object, java.lang.Object, java.lang.Object, java.lang.Object, java.lang.Object, java.lang.Object, java.lang.Object, java.lang.Object, java.lang.Object, java.lang.Object, java.lang.Object, java.lang.Object, java.lang.Object, java.lang.Object, java.lang.Object, java.lang.Object, java.lang.Object, java.lang.Object, java.lang.Object, java.lang.Object, int, java
Event: 164.911 Thread 0x000001f4c2be9f50 Exception <a 'java/lang/IncompatibleClassChangeError'{0x00000000917feae0}: Found class java.lang.Object, but interface was expected> (0x00000000917feae0) 
thrown [s\src\hotspot\share\interpreter\linkResolver.cpp, line 840]
Event: 164.912 Thread 0x000001f4c2be9f50 Exception <a 'java/lang/IncompatibleClassChangeError'{0x0000000091608968}: Found class java.lang.Object, but interface was expected> (0x0000000091608968) 
thrown [s\src\hotspot\share\interpreter\linkResolver.cpp, line 840]

ZGC Phase Switch (0 events):
No events

VM Operations (20 events):
Event: 163.468 Executing VM operation: HandshakeAllThreads (Deoptimize) done
Event: 163.468 Executing VM operation: Cleanup
Event: 163.468 Executing VM operation: Cleanup done
Event: 164.469 Executing VM operation: Cleanup
Event: 164.474 Executing VM operation: Cleanup done
Event: 165.475 Executing VM operation: Cleanup
Event: 165.521 Executing VM operation: Cleanup done
Event: 166.522 Executing VM operation: Cleanup
Event: 166.833 Executing VM operation: Cleanup done
Event: 167.833 Executing VM operation: Cleanup
Event: 167.837 Executing VM operation: Cleanup done
Event: 168.657 Executing VM operation: G1CollectForAllocation (G1 Evacuation Pause)
Event: 168.958 Executing VM operation: G1CollectForAllocation (G1 Evacuation Pause) done
Event: 169.958 Executing VM operation: Cleanup
Event: 169.982 Executing VM operation: Cleanup done
Event: 170.617 Executing VM operation: G1CollectForAllocation (G1 Evacuation Pause)
Event: 171.157 Executing VM operation: G1CollectForAllocation (G1 Evacuation Pause) done
Event: 171.260 Executing VM operation: G1CollectForAllocation (G1 Evacuation Pause)
Event: 171.698 Executing VM operation: G1CollectForAllocation (G1 Evacuation Pause) done
Event: 171.802 Executing VM operation: G1CollectForAllocation (G1 Evacuation Pause)

Memory protections (0 events):
No events

Nmethod flushes (20 events):
Event: 148.463 Thread 0x000001f4f6e39c60 flushing  nmethod 0x000001f4e3a53310
Event: 148.463 Thread 0x000001f4f6e39c60 flushing  nmethod 0x000001f4ea325a90
Event: 148.463 Thread 0x000001f4f6e39c60 flushing  nmethod 0x000001f4e2497e90
Event: 148.463 Thread 0x000001f4f6e39c60 flushing  nmethod 0x000001f4e2498890
Event: 148.463 Thread 0x000001f4f6e39c60 flushing  nmethod 0x000001f4e2572f10
Event: 148.463 Thread 0x000001f4f6e39c60 flushing  nmethod 0x000001f4e2574190
Event: 148.463 Thread 0x000001f4f6e39c60 flushing  nmethod 0x000001f4e257b410
Event: 148.463 Thread 0x000001f4f6e39c60 flushing  nmethod 0x000001f4e25bde90
Event: 148.463 Thread 0x000001f4f6e39c60 flushing  nmethod 0x000001f4e2c71b10
Event: 148.463 Thread 0x000001f4f6e39c60 flushing  nmethod 0x000001f4e2e14090
Event: 148.463 Thread 0x000001f4f6e39c60 flushing  nmethod 0x000001f4e2ebd810
Event: 148.464 Thread 0x000001f4f6e39c60 flushing  nmethod 0x000001f4e2f07710
Event: 148.464 Thread 0x000001f4f6e39c60 flushing  nmethod 0x000001f4e30c5d10
Event: 148.464 Thread 0x000001f4f6e39c60 flushing  nmethod 0x000001f4e3140f90
Event: 148.464 Thread 0x000001f4f6e39c60 flushing  nmethod 0x000001f4e3141390
Event: 148.464 Thread 0x000001f4f6e39c60 flushing  nmethod 0x000001f4e3145110
Event: 148.464 Thread 0x000001f4f6e39c60 flushing  nmethod 0x000001f4e31e9d10
Event: 148.464 Thread 0x000001f4f6e39c60 flushing  nmethod 0x000001f4e320be10
Event: 148.464 Thread 0x000001f4f6e39c60 flushing  nmethod 0x000001f4e3260210
Event: 148.464 Thread 0x000001f4f6e39c60 flushing  nmethod 0x000001f4e36c9f10

Events (20 events):
Event: 115.392 Thread 0x000001f4c24576e0 Thread added: 0x000001f4c311f7c0
Event: 115.392 Thread 0x000001f4c24576e0 Thread added: 0x000001f4c2be2930
Event: 115.393 Thread 0x000001f4c24576e0 Thread added: 0x000001f4c2be3ce0
Event: 115.393 Thread 0x000001f4c24576e0 Thread added: 0x000001f4c2be4370
Event: 119.263 Thread 0x000001f4c24576e0 Thread added: 0x000001f4c2be5720
Event: 119.263 Thread 0x000001f4c24576e0 Thread added: 0x000001f4c2be5090
Event: 119.263 Thread 0x000001f4c24576e0 Thread added: 0x000001f4c2be3650
Event: 119.264 Thread 0x000001f4c24576e0 Thread added: 0x000001f4c2be4a00
Event: 119.264 Thread 0x000001f4c24576e0 Thread added: 0x000001f4c2be22a0
Event: 119.266 Thread 0x000001f4c24576e0 Thread added: 0x000001f4c2be6440
Event: 119.266 Thread 0x000001f4c24576e0 Thread added: 0x000001f4c2be5db0
Event: 119.267 Thread 0x000001f4c24576e0 Thread added: 0x000001f4c2be2fc0
Event: 128.333 Thread 0x000001f4c24576e0 Thread added: 0x000001f4c2bf0850
Event: 131.993 Thread 0x000001f4c2bf0850 Thread added: 0x000001f4c2be8ba0
Event: 132.167 Thread 0x000001f4c2bf0850 Thread added: 0x000001f4c2be9230
Event: 132.404 Thread 0x000001f4c2bf0850 Thread added: 0x000001f4c2be6ad0
Event: 138.442 Thread 0x000001f4c2457d70 Thread added: 0x000001f4c2bea5e0
Event: 143.082 Thread 0x000001f4c2bea5e0 Thread added: 0x000001f4c2be9f50
Event: 143.112 Thread 0x000001f4c2bea5e0 Thread added: 0x000001f4c2be98c0
Event: 145.140 Thread 0x000001f4c2be98c0 Thread exited: 0x000001f4c2be98c0


Dynamic libraries:
0x00007ff6335f0000 - 0x00007ff6335fe000 	C:\Program Files\Eclipse Adoptium\jdk-21.0.7.6-hotspot\bin\java.exe
0x00007ffa878a0000 - 0x00007ffa87b07000 	C:\WINDOWS\SYSTEM32\ntdll.dll
0x00007ffa85760000 - 0x00007ffa85829000 	C:\WINDOWS\System32\KERNEL32.DLL
0x00007ffa842d0000 - 0x00007ffa846c7000 	C:\WINDOWS\System32\KERNELBASE.dll
0x00007ffa84840000 - 0x00007ffa8498b000 	C:\WINDOWS\System32\ucrtbase.dll
0x00007ffa56f30000 - 0x00007ffa56f4e000 	C:\Program Files\Eclipse Adoptium\jdk-21.0.7.6-hotspot\bin\VCRUNTIME140.dll
0x00007ffa6c670000 - 0x00007ffa6c688000 	C:\Program Files\Eclipse Adoptium\jdk-21.0.7.6-hotspot\bin\jli.dll
0x00007ffa86250000 - 0x00007ffa86416000 	C:\WINDOWS\System32\USER32.dll
0x00007ffa5b120000 - 0x00007ffa5b3b2000 	C:\WINDOWS\WinSxS\amd64_microsoft.windows.common-controls_6595b64144ccf1df_6.0.26100.8457_none_3e0b2faee331e92d\COMCTL32.dll
0x00007ffa855f0000 - 0x00007ffa85617000 	C:\WINDOWS\System32\win32u.dll
0x00007ffa86890000 - 0x00007ffa86939000 	C:\WINDOWS\System32\msvcrt.dll
0x00007ffa86a20000 - 0x00007ffa86a4b000 	C:\WINDOWS\System32\GDI32.dll
0x00007ffa84990000 - 0x00007ffa84abc000 	C:\WINDOWS\System32\gdi32full.dll
0x00007ffa85540000 - 0x00007ffa855e3000 	C:\WINDOWS\System32\msvcp_win.dll
0x00007ffa85620000 - 0x00007ffa85652000 	C:\WINDOWS\System32\IMM32.DLL
0x00007ffa81580000 - 0x00007ffa8158c000 	C:\Program Files\Eclipse Adoptium\jdk-21.0.7.6-hotspot\bin\vcruntime140_1.dll
0x00007ff9cf950000 - 0x00007ff9cf9dd000 	C:\Program Files\Eclipse Adoptium\jdk-21.0.7.6-hotspot\bin\msvcp140.dll
0x00007ff97ea60000 - 0x00007ff97f7f0000 	C:\Program Files\Eclipse Adoptium\jdk-21.0.7.6-hotspot\bin\server\jvm.dll
0x00007ffa86670000 - 0x00007ffa86726000 	C:\WINDOWS\System32\ADVAPI32.dll
0x00007ffa87610000 - 0x00007ffa876b7000 	C:\WINDOWS\System32\sechost.dll
0x00007ffa86490000 - 0x00007ffa865a8000 	C:\WINDOWS\System32\RPCRT4.dll
0x00007ffa85830000 - 0x00007ffa858b0000 	C:\WINDOWS\System32\WS2_32.dll
0x00007ffa83a90000 - 0x00007ffa83aee000 	C:\WINDOWS\SYSTEM32\POWRPROF.dll
0x00007ffa794a0000 - 0x00007ffa794d6000 	C:\WINDOWS\SYSTEM32\WINMM.dll
0x00007ffa7daf0000 - 0x00007ffa7dafb000 	C:\WINDOWS\SYSTEM32\VERSION.dll
0x00007ffa83a00000 - 0x00007ffa83a14000 	C:\WINDOWS\SYSTEM32\UMPDC.dll
0x00007ffa83060000 - 0x00007ffa8307b000 	C:\WINDOWS\SYSTEM32\kernel.appcore.dll
0x00007ff9d4ac0000 - 0x00007ff9d4aca000 	C:\Program Files\Eclipse Adoptium\jdk-21.0.7.6-hotspot\bin\jimage.dll
0x00007ffa81c40000 - 0x00007ffa81e82000 	C:\WINDOWS\SYSTEM32\DBGHELP.DLL
0x00007ffa86f90000 - 0x00007ffa87313000 	C:\WINDOWS\System32\combase.dll
0x00007ffa86940000 - 0x00007ffa86a19000 	C:\WINDOWS\System32\OLEAUT32.dll
0x00007ffa6bb10000 - 0x00007ffa6bb4b000 	C:\WINDOWS\SYSTEM32\dbgcore.DLL
0x00007ffa846d0000 - 0x00007ffa84778000 	C:\WINDOWS\System32\bcryptPrimitives.dll
0x00007ff9ceaa0000 - 0x00007ff9ceaaf000 	C:\Program Files\Eclipse Adoptium\jdk-21.0.7.6-hotspot\bin\instrument.dll
0x00007ff9cfb70000 - 0x00007ff9cfb8f000 	C:\Program Files\Eclipse Adoptium\jdk-21.0.7.6-hotspot\bin\java.dll
0x00007ffa859d0000 - 0x00007ffa8613e000 	C:\WINDOWS\System32\SHELL32.dll
0x00007ffa84ac0000 - 0x00007ffa8532c000 	C:\WINDOWS\System32\windows.storage.dll
0x00007ffa86150000 - 0x00007ffa86246000 	C:\WINDOWS\System32\SHCORE.dll
0x00007ffa86420000 - 0x00007ffa86486000 	C:\WINDOWS\System32\shlwapi.dll
0x00007ffa841f0000 - 0x00007ffa84219000 	C:\WINDOWS\SYSTEM32\profapi.dll
0x00007ff9bee20000 - 0x00007ff9beef7000 	C:\Program Files\Eclipse Adoptium\jdk-21.0.7.6-hotspot\bin\jsvml.dll
0x00007ff9cebc0000 - 0x00007ff9cebd8000 	C:\Program Files\Eclipse Adoptium\jdk-21.0.7.6-hotspot\bin\zip.dll
0x00007ff9d2fe0000 - 0x00007ff9d2ff0000 	C:\Program Files\Eclipse Adoptium\jdk-21.0.7.6-hotspot\bin\net.dll
0x00007ffa7ea30000 - 0x00007ffa7eb59000 	C:\WINDOWS\SYSTEM32\WINHTTP.dll
0x00007ffa83640000 - 0x00007ffa836ac000 	C:\WINDOWS\system32\mswsock.dll
0x00007ff9cebe0000 - 0x00007ff9cebf6000 	C:\Program Files\Eclipse Adoptium\jdk-21.0.7.6-hotspot\bin\nio.dll
0x00007ff9cfac0000 - 0x00007ff9cfad0000 	C:\Program Files\Eclipse Adoptium\jdk-21.0.7.6-hotspot\bin\verify.dll
0x00007ffa46b10000 - 0x00007ffa46b37000 	C:\Users\Aaron\.gradle\native\1def1411415f61bf3af743bc5b6707747c0891f09f0c88961ee8f79bc544acac\windows-amd64\native-platform.dll
0x00007ff9bf440000 - 0x00007ff9bf4b8000 	C:\Users\Aaron\.gradle\native\0.2.7\x86_64-windows-gnu\gradle-fileevents.dll
0x00007ff9cf940000 - 0x00007ff9cf94a000 	C:\Program Files\Eclipse Adoptium\jdk-21.0.7.6-hotspot\bin\management.dll
0x00007ff9cee30000 - 0x00007ff9cee3b000 	C:\Program Files\Eclipse Adoptium\jdk-21.0.7.6-hotspot\bin\management_ext.dll
0x00007ffa86a50000 - 0x00007ffa86a58000 	C:\WINDOWS\System32\PSAPI.DLL
0x00007ffa82b20000 - 0x00007ffa82b52000 	C:\WINDOWS\SYSTEM32\IPHLPAPI.DLL
0x00007ffa87330000 - 0x00007ffa8733a000 	C:\WINDOWS\System32\NSI.dll
0x00007ff9cebb0000 - 0x00007ff9cebb9000 	C:\Program Files\Eclipse Adoptium\jdk-21.0.7.6-hotspot\bin\extnet.dll
0x00007ffa83920000 - 0x00007ffa8393b000 	C:\WINDOWS\SYSTEM32\CRYPTSP.dll
0x00007ffa82fc0000 - 0x00007ffa82ff9000 	C:\WINDOWS\system32\rsaenh.dll
0x00007ffa836f0000 - 0x00007ffa83723000 	C:\WINDOWS\SYSTEM32\USERENV.dll
0x00007ffa841c0000 - 0x00007ffa841ea000 	C:\WINDOWS\SYSTEM32\bcrypt.dll
0x00007ffa83940000 - 0x00007ffa8394c000 	C:\WINDOWS\SYSTEM32\CRYPTBASE.dll
0x00007ff9bfeb0000 - 0x00007ff9bfebe000 	C:\Program Files\Eclipse Adoptium\jdk-21.0.7.6-hotspot\bin\sunmscapi.dll
0x00007ffa85330000 - 0x00007ffa854a8000 	C:\WINDOWS\System32\CRYPT32.dll
0x00007ffa83bf0000 - 0x00007ffa83c20000 	C:\WINDOWS\SYSTEM32\ncrypt.dll
0x00007ffa83ba0000 - 0x00007ffa83bdf000 	C:\WINDOWS\SYSTEM32\NTASN1.dll
0x00007ffa61430000 - 0x00007ffa61438000 	C:\WINDOWS\system32\wshunix.dll
0x00007ffa68a50000 - 0x00007ffa68a68000 	C:\WINDOWS\system32\napinsp.dll
0x00007ffa82b60000 - 0x00007ffa82c92000 	C:\WINDOWS\SYSTEM32\DNSAPI.dll
0x00007ffa62ba0000 - 0x00007ffa62bb3000 	C:\WINDOWS\System32\winrnr.dll
0x00007ffa61ff0000 - 0x00007ffa62012000 	C:\WINDOWS\system32\nlansp_c.dll
0x00007ffa614c0000 - 0x00007ffa614d6000 	C:\WINDOWS\system32\wshbth.dll
0x00007ffa7dae0000 - 0x00007ffa7daeb000 	C:\Windows\System32\rasadhlp.dll
0x00007ffa7eda0000 - 0x00007ffa7ee26000 	C:\WINDOWS\System32\fwpuclnt.dll
0x00007ff9bf630000 - 0x00007ff9bf637000 	C:\Program Files\Eclipse Adoptium\jdk-21.0.7.6-hotspot\bin\rmi.dll

dbghelp: loaded successfully - version: 4.0.5 - missing functions: none
symbol engine: initialized successfully - sym options: 0x614 - pdb path: .;C:\Program Files\Eclipse Adoptium\jdk-21.0.7.6-hotspot\bin;C:\WINDOWS\SYSTEM32;C:\WINDOWS\WinSxS\amd64_microsoft.windows.common-controls_6595b64144ccf1df_6.0.26100.8457_none_3e0b2faee331e92d;C:\Program Files\Eclipse Adoptium\jdk-21.0.7.6-hotspot\bin\server;C:\Users\Aaron\.gradle\native\1def1411415f61bf3af743bc5b6707747c0891f09f0c88961ee8f79bc544acac\windows-amd64;C:\Users\Aaron\.gradle\native\0.2.7\x86_64-windows-gnu

VM Arguments:
jvm_args: --add-opens=java.base/java.lang=ALL-UNNAMED --add-opens=java.base/java.lang.invoke=ALL-UNNAMED --add-opens=java.base/java.util=ALL-UNNAMED --add-opens=java.prefs/java.util.prefs=ALL-UNNAMED --add-exports=jdk.compiler/com.sun.tools.javac.api=ALL-UNNAMED --add-exports=jdk.compiler/com.sun.tools.javac.util=ALL-UNNAMED --add-opens=java.base/java.util=ALL-UNNAMED --add-opens=java.prefs/java.util.prefs=ALL-UNNAMED --add-opens=java.base/java.nio.charset=ALL-UNNAMED --add-opens=java.base/java.net=ALL-UNNAMED --add-opens=java.base/java.util.concurrent.atomic=ALL-UNNAMED --add-opens=java.xml/javax.xml.namespace=ALL-UNNAMED -Xmx2048m -Dfile.encoding=UTF-8 -Duser.country=ES -Duser.language=es -Duser.variant -javaagent:C:\Users\Aaron\.gradle\wrapper\dists\gradle-8.13-bin\5xuhj0ry160q40clulazy9h7d\gradle-8.13\lib\agents\gradle-instrumentation-agent-8.13.jar 
java_command: org.gradle.launcher.daemon.bootstrap.GradleDaemon 8.13
java_class_path (initial): C:\Users\Aaron\.gradle\wrapper\dists\gradle-8.13-bin\5xuhj0ry160q40clulazy9h7d\gradle-8.13\lib\gradle-daemon-main-8.13.jar
Launcher Type: SUN_STANDARD

[Global flags]
     intx CICompilerCount                          = 4                                         {product} {ergonomic}
     uint ConcGCThreads                            = 3                                         {product} {ergonomic}
     uint G1ConcRefinementThreads                  = 10                                        {product} {ergonomic}
   size_t G1HeapRegionSize                         = 1048576                                   {product} {ergonomic}
    uintx GCDrainStackTargetSize                   = 64                                        {product} {ergonomic}
   size_t InitialHeapSize                          = 132120576                                 {product} {ergonomic}
   size_t MarkStackSize                            = 4194304                                   {product} {ergonomic}
   size_t MaxHeapSize                              = 2147483648                                {product} {command line}
   size_t MaxNewSize                               = 1287651328                                {product} {ergonomic}
   size_t MinHeapDeltaBytes                        = 1048576                                   {product} {ergonomic}
   size_t MinHeapSize                              = 8388608                                   {product} {ergonomic}
    uintx NonNMethodCodeHeapSize                   = 5839372                                {pd product} {ergonomic}
    uintx NonProfiledCodeHeapSize                  = 122909434                              {pd product} {ergonomic}
    uintx ProfiledCodeHeapSize                     = 122909434                              {pd product} {ergonomic}
    uintx ReservedCodeCacheSize                    = 251658240                              {pd product} {ergonomic}
     bool SegmentedCodeCache                       = true                                      {product} {ergonomic}
   size_t SoftMaxHeapSize                          = 2147483648                             {manageable} {ergonomic}
     bool UseCompressedOops                        = true                           {product lp64_product} {ergonomic}
     bool UseG1GC                                  = true                                      {product} {ergonomic}
     bool UseLargePagesIndividualAllocation        = false                                  {pd product} {ergonomic}

Logging:
Log output configuration:
 #0: stdout all=warning uptime,level,tags foldmultilines=false
 #1: stderr all=off uptime,level,tags foldmultilines=false

Environment Variables:
PATH=C:\Program Files\Git\mingw64\bin;C:\Program Files\Git\usr\bin;C:\Users\Aaron\bin;C:\Python314\Scripts;C:\Python314;C:\Program Files\Eclipse Adoptium\jdk-21.0.7.6-hotspot\bin;C:\app\Aaron\product\21c\dbhomeXE\bin;C:\Program Files (x86)\Razer Chroma SDK\bin;C:\Program Files\Razer Chroma SDK\bin;C:\Program Files\Common Files\Oracle\Java\javapath;C:\Program Files (x86)\Common Files\Oracle\Java\javapath;C:\WINDOWS\system32;C:\WINDOWS;C:\WINDOWS\System32\Wbem;C:\WINDOWS\System32\WindowsPowerShell\v1.0;C:\WINDOWS\System32\OpenSSH;C:\Program Files\AutoFirma\AutoFirma;C:\Program Files (x86)\NVIDIA Corporation\PhysX\Common;C:\Program Files\Git\cmd;C:\Program Files\NVIDIA Corporation\NVIDIA app\NvDLISR;C:\WINDOWS\system32\config\systemprofile\AppData\Local\Microsoft\WindowsApps;C:\Program Files (x86)\Razer\ChromaBroadcast\bin;C:\Program Files\Razer\ChromaBroadcast\bin;C:\Users\Aaron\AppData\Local\Microsoft\WindowsApps;C:\Users\Aaron\AppData\Local\Programs\Microsoft VS Code\bin;C:\xampp\htdocs\Hito2AaronProgramacion;C:\Users\Aaron\Downloads\php-8.4.4-Win32-vs17-x64;C:\Program Files\dotnet;C:\Program Files\Microsoft SQL Server\150\Tools\Binn;C:\Program Files\Microsoft SQL Server\Client SDK\ODBC\170\Tools\Binn;C:\ProgramData\chocolatey\bin;C:\Program Files\nodejs;C:\src\flutter\bin;C:\Python314\Scripts;C:\Python314;C:\Program Files\Eclipse Adoptium\jdk-21.0.7.6-hotspot\bin;C:\app\Aaron\product\21c\dbhomeXE\bin;C:\Program Files (x86)\Razer Chroma SDK\bin;C:\Program Files\Razer Chroma SDK\bin;C:\Program Files\Common Files\Oracle\Java\javapath;C:\Program Files (x86)\Common Files\Oracle\Java\javapath;C:\WINDOWS\system32;C:\WINDOWS;C:\WINDOWS\System32\Wbem;C:\WINDOWS\System32\WindowsPowerShell\v1.0;C:\WINDOWS\System32\OpenSSH;C:\Program Files\AutoFirma\AutoFirma;C:\Program Files (x86)\NVIDIA Corporation\PhysX\Common;C:\Program Files\Git\cmd;C:\Program Files\NVIDIA Corporation\NVIDIA app\NvDLISR;C:\WINDOWS\system32\config\systemprofile\AppData\Local\Microsoft\WindowsApps;C:\Program Files (x86)\Razer\ChromaBroadcast\bin;C:\Program Files\Razer\ChromaBroadcast\bin;C:\Users\Aaron\AppData\Local\Microsoft\WindowsApps;C:\Users\Aaron\AppData\Local\Programs\Microsoft VS Code\bin;C:\xampp\htdocs\Hito2AaronProgramacion;C:\Users\Aaron\Downloads\php-8.4.4-Win32-vs17-x64;C:\Program Files\dotnet;C:\Program Files\Microsoft SQL Server\150\Tools\Binn;C:\Program Files\Microsoft SQL Server\Client SDK\ODBC\170\Tools\Binn;C:\ProgramData\chocolatey\bin;C:\Program Files\nodejs;C:\Users\Aaron\develop\flutter\bin;C:\Users\Aaron\AppData\Local\Microsoft\WindowsApps;C:\Users\Aaron\AppData\Local\Programs\Microsoft VS Code\bin;C:\xampp\htdocs\Hito2AaronProgramacion;C:\Users\Aaron\Downloads\php-8.4.4-Win32-vs17-x64;C:\Program Files\MongoDB\Server\8.0\bin;C:\Users\Aaron\AppData\Local\Programs\mongosh;C:\Users\Aaron\.dotnet\tools;C:\Users\Aaron\AppData\Roaming\npm;C:\Users\Aaron\AppData\Local\Android\Sdk\platform-tools;C:\Users\Aaron\AppData\Local\Programs\Antigravity\bin
USERNAME=Aaron
SHELL=C:\Program Files\Git\usr\bin\bash.exe
TERM=xterm-256color
OS=Windows_NT
PROCESSOR_IDENTIFIER=Intel64 Family 6 Model 165 Stepping 5, GenuineIntel
TMP=C:\Users\Aaron\AppData\Local\Temp
TEMP=C:\Users\Aaron\AppData\Local\Temp




Periodic native trim disabled

---------------  S Y S T E M  ---------------

OS:
 Windows 11 , 64 bit Build 26100 (10.0.26100.8328)
OS uptime: 0 days 19:22 hours

CPU: total 12 (initial active 12) (6 cores per cpu, 2 threads per core) family 6 model 165 stepping 5 microcode 0xe2, cx8, cmov, fxsr, ht, mmx, 3dnowpref, sse, sse2, sse3, ssse3, sse4.1, sse4.2, popcnt, lzcnt, tsc, tscinvbit, avx, avx2, aes, erms, clmul, bmi1, bmi2, adx, fma, vzeroupper, clflush, clflushopt, rdtscp, f16c, pku
Processor Information for the first 12 processors :
  Max Mhz: 2904, Current Mhz: 2904, Mhz Limit: 2904

Memory: 4k page, system-wide physical 8017M (11M free)
TotalPageFile size 32593M (AvailPageFile size 220M)
current process WorkingSet (physical memory assigned to process): 202M, peak: 340M
current process commit charge ("private bytes"): 752M, peak: 1343M

vm_info: OpenJDK 64-Bit Server VM (21.0.7+6-LTS) for windows-amd64 JRE (21.0.7+6-LTS), built on 2025-04-15T00:00:00Z by "admin" with MS VC++ 17.7 (VS2022)

END.
